company,title,link,published,source
AMD,AMD will reinstate memory encryption on Ryzen 9000 CPUs through a BIOS update in July — TSME is coming back after 'valuable community feedback' - Tom's Hardware,https://news.google.com/rss/articles/CBMilgJBVV95cUxON3hYMWwzMXdpQXZyaG5LcWpNbUtlaEFRYVp1S0wzT3lDVHJOcHpVMFhyOHlkMmdaNFJ4b3hjNDNHQjJWUHlHMmRxSUszcTJxejJtUUtEZUR1OHdyeDRiaWlmTUhHS3dUTjdaS2tYVERXb0tCRksyTktpU2dSYVlGOHVlN0NUeHJXOVB6REZmV3VXQ01kcVhwY0lvUGdKS0kwMkY3QmV0VV8xam5HUnpNSG1DbXVrMDZzeEhGNTJGQ0ttdzBGNnVRN3NGUTVBanNrQTByeU1JVC1oenFHeGViMUZ4ZE5JeHl5d244NktMLXE1Nm4tN3pFcGwyOVNzSmpRb2tDWVl3UUxDMEh0c2ZOQWJoSVVTQQ?oc=5,"Fri, 19 Jun 2026 21:02:49 GMT",Google News
AMD,Users cry foul after AMD stripped memory crypto from its consumer CPUs - Ars Technica,https://news.google.com/rss/articles/CBMisgFBVV95cUxNSFZLU1BkcjVxbURCQnZ3WXJBTkxCM01Qd0dxMU1NSFo2a1JweGJqZExySGcwVk1jbWE2VUdzRXYxNHBoY05fWkIyVEpTQXh1cWtRNXNRNks3NUphRndrbTE2TzdwOG9OSmFNdGlZSlN5elh1NU9lR3Zmc2p6a0tPQkh1U3NMaXd2QVBzQjRXUlJtZ1pDZTVpSEtFb21CeC00SW9LendIMlpjekQ0Wm5TYlVn?oc=5,"Mon, 15 Jun 2026 17:55:46 GMT",Google News
AMD,AMD to Restore TSME (Memory Encryption) on Consumer Ryzen Processors After Backlash - TechPowerUp,https://news.google.com/rss/articles/CBMitwFBVV95cUxQa2lRaGNJRG9XTXVxWUdrX0ZSRHJLa3ZZa3FvOEJ3R3NqUml5ZDB3U3dMT0hWMGhmd1o0dk44bkV0NmZnUjBSNlYxa181MFVhaE1lQzVKa0kwNzQyMFlLMk1zaWtWZ0lPQ3pkYlZYcTRjOUxQZWx4Nno3UHZNbWgwbHZRLXBSaGRaM3lVdk5SSlhRYjNqUWI2aVhBMm5YTFNPRlJPRXI4cnFKM0hMaU53ZXBreUwtMWPSAbwBQVVfeXFMTnM4TEdIVlVHNnF0QlB4dWYzX1psWlRITFRVTWlselJBNTFHU0NoQ2dmZ08wX2VVTkNPRXlaV0ljUXhXLXFEYTFMUlNvdTl6czI3QjdBX0toc2p2M2tzdElFbXByOFgzUEx1eXp0M3VucXdyRlpkdlgwWDY3NjVlVENwb3ZzN0FuNVl3cVhveGxRMURLYVUxTkEzLWk3Q082Y211dkhPN3FDblIwd2xWYjZvRlhSUlJoaXVNM1U?oc=5,"Sat, 20 Jun 2026 11:01:40 GMT",Google News
AMD,Chip Maker AMD Has Become a Data-Center Powerhouse. It’s All Part of Lisa Su’s Plan. - Barron's,https://news.google.com/rss/articles/CBMidkFVX3lxTFBYRGg5Q0dEa2tXSXlqOTFTWXRqUlBMazNHRFBiQVBydmNFU2VodzJxbmdOZDFwOWt2UjMxWk1sUnJRRGg2VUxFVHdpcmFPRXAwaHhOUzJRd21DSHRtdzFsRDUyUnNJMWpoSkh4eTVYOVJFb2x1TlE?oc=5,"Fri, 19 Jun 2026 05:00:00 GMT",Google News
AMD,AMD Advances the Hybrid Future of Quantum Computing - AMD,https://news.google.com/rss/articles/CBMilAFBVV95cUxOOHd6b1lqeDhINlNQRVNtVHUwc2dwbzE0Ukp1R2VDZnl1dlNXTjJ0eVJlNHMtak5LazZDM1NOQ3h1OU5HY1RFVmJkcnMxaHhPY1JsckpfdDAtbkZqZ01iMFdVLUs0WWdHMDZpZUhLS2VRRDgwRTNHcEY0Vk5zRGpaU18ydGgtSGdVX0dNQ2hTaEtHT193?oc=5,"Fri, 19 Jun 2026 14:51:57 GMT",Google News
AMD,Better Buy: AMD vs. Intel After Intel's Monster Run - Yahoo Finance,https://news.google.com/rss/articles/CBMikgFBVV95cUxNeVR6NW1aeS1wWThsWVZDNzBoOGtwZ2s0SWl3NnAySXRYTzhTdWtaUTR1cHQxSDhzbUlpWGx4M2R4a2ZDLVJYQ091Q0FfTUs5dVVrN3NpY1B5WlZha2FNSURybHpsaVllWE9qOHJrSlZlUnltWi1JeFNPOUlHNFY0SVBVUWdILVVBamZCWlJvNGdHdw?oc=5,"Fri, 19 Jun 2026 23:03:00 GMT",Google News
AMD,AMD-Powered Barco MXRT Graphics Cards Finally Seeing Linux Driver Support - Phoronix,https://news.google.com/rss/articles/CBMiZ0FVX3lxTE1xUmlSajZZajVWRjlUX0pMVTI0R3FiUU5XVnZEa2x3eXFpWGs3V0M2bWZBdWdZVXRHV2dadWtDV3l5TWsxdWNXcG9Rbm1NWEFkajlsQjdRdTAyRDFxcnYycVNNc09YSTg?oc=5,"Fri, 19 Jun 2026 20:11:00 GMT",Google News
AMD,Building a Dense Agentic AI CPU Rack Today - ServeTheHome,https://news.google.com/rss/articles/CBMiiAFBVV95cUxNWmxFUVM2NFZndjRhNk9jekxwM2tYNTJLckZFYTctdXlMNGg1ZUdZZjl1eGtzS2U5elRSVGhJbzZzUmxTVjh4dVRfX3RVWmg2ZU9LNHZYNEgzMkRyU09tTEU1dWdpcC1WOHZQRlRNRU1WZWtpRlVKU1JFSkRORXpfTmF5RnZKMUd0?oc=5,"Fri, 19 Jun 2026 22:38:10 GMT",Google News
AMD,"AMD, Arm, Intel Get Price-Target Hikes On 'CPU Renaissance' - Investor's Business Daily",https://news.google.com/rss/articles/CBMikAFBVV95cUxNQUtOLUo0YWtpcFhqaXZQcm00UllGOTM4X0VoUTNneEJRQnktSXkxNENJSXM0c3ozZDNGRFRKQi1rckFLNUtXMXo5bm9IMEt4TDhiTkdvNFB2TVFVM1JIOEVnVzNFLVlqbzhVMDliVUhrVUhqOC1WSzNIcy1pOVBfWDl4blNuZm11RFYxU25rNXU?oc=5,"Wed, 17 Jun 2026 20:40:00 GMT",Google News
AMD,"Arm, AMD and Intel see bullish views at Bernstein as agentic AI boosts server CPU demand - Seeking Alpha",https://news.google.com/rss/articles/CBMiwwFBVV95cUxOb2RrRUk3TS1XTjVJcGctRmFMcDhBY19hM29sRURqS0hBUnFaRmlXOVNwWDg1anAxaFA1eC1nSW1sbjB6U2FzcTlFWHBlelpZVWQ2eGw2X3JWajBtS2tSNVJzQ1pYYk53al9KU0UxU1ZCSlNDWk5nNzY2OTBFX09Mc2JqM1pzU0JNeVdadE9NWDQxR2N1NmFrQXo5UElST1lQUUZ5bEtmMlk4ZVJIMURQbXhNUjJQc0luMjNFMVZoVDJnNW8?oc=5,"Wed, 17 Jun 2026 13:42:52 GMT",Google News
AMD,"AMD Ryzen Threadripper TR6 ""Mustang Peak"" Arrives with ""Zen 6"" and PCIe 6.0 - TechPowerUp",https://news.google.com/rss/articles/CBMiqgFBVV95cUxQalV2TDNQQVN1eXdlM2VCNmd5UERCQXdyNGRvRDlwOV9yQ3hreDVYSFc1VDN3ZGZkMGxuNTJ0ajVUVzJiXzdZSGp3VElITHhrMVl0M3p0X0p0QVI3WDd3cnJJeDlXb1Bjc0d0U1pPNWpNUXJfVU1XS3Bic1pQdmY5REx5NlBNZEpxZE1FTXBpMXdMTEs0UEU2SHgzTkVGeUtaZ1l4Ty1PZC1XQdIBrwFBVV95cUxPbmxYRC1WcXQ4LWN5SnVOc2pWNWs1Nm44SzJUX1BvZy1DM3pybl9PcVJTVjRyX2lyVzhFcUgxTTZfcXdqeV85MUhRdThTWmM1cHI5NWFNUTJ5U0xCUVVFY0ZoV3VBeVNWal9UeVRLWGdoejJQUVh1ckRub2c2OTJLa1czUkZmR1REZ0J2U2RIODBqeml6Yld5a2ltMDdjSTZBakQwZElBdzk4Z3ZlQ2Y4?oc=5,"Thu, 18 Jun 2026 08:41:41 GMT",Google News
AMD,"First official details of AMD's next-gen 'Mustang Peak' Threadripper CPUs come into view — chips feature DDR5, PCIe 6.0, and a new socket - Tom's Hardware",https://news.google.com/rss/articles/CBMiigJBVV95cUxNY3R2cmg5eVZzdmNEcWZwSWRCNFV6Q2FaRGVmX3RzUDhUaG9UUVV4SElJU1hwckZTeUcyS19oZmp1NndCX2ZMZjdKMy1UaW1NYWVEUHJtSHRfT2t0S0trTjlIeHBuWWJBdElWR3cwMC1NY2hXN0J0SDViSU1CUHZERlo1ZTh0d3FkM2dNWXkxUU9ibnZDWWNLVE5mbEwtRXlGWndXZUJQOWZJZWtrYWVVMHBYODloMFFNUmNfNEV6ZW9Fd0xjOTVVMGVTQk5Wd2YyZkhxckRMR0ZFZklYVUtKUVJrOFBpaFRPOVBQSldqNUc0S1VJdWNnV3YxVjUxM3VZWlBQQklXVllGdw?oc=5,"Wed, 17 Jun 2026 13:17:24 GMT",Google News
AMD,HandBrake 1.11.0 Improves AMD Ryzen™ Threadripper™ and Threadripper™ PRO Scaling - AMD,https://news.google.com/rss/articles/CBMilgFBVV95cUxQRnVodjFTWXRyVjE4UWxjRnRmaDZYYTBzbVUwcHhWSFJPeUNwNHA0Vl8yQi1qWmp1ZktJblp6bmhQOW8wUm55eWFfNUk5SE9KOXdVMUlYb21CZm1tTkg1SVp3YnpzaUlVWVpVcjJFOUxndlBUckI3MDNCWHIyZFZGMjljandXR1NMY2dSWUxhUVhNWjdIOWc?oc=5,"Wed, 17 Jun 2026 14:28:00 GMT",Google News
AMD,"Question if Intel deserves AMD-level valuation, says Wedbush Securities' Matt Bryson - CNBC",https://news.google.com/rss/articles/CBMiwwFBVV95cUxOMjdlbHluNW5OaEVNLUZCSWpVcVg5dEMwQWJ6MmI5LXJ0dDlHSThlUWpraUxILTJDOUQzYmdFUmRBUHVFVnlJRnZvbmNkdnF2eVBpa2VZNW4wamhOZ1otWFA4SDhrSm1jM0sxWERaWU0zU2xoMV8yRF9KX3RFM0pVWVVYZ2xoSEtVM0VSYTR0Z2szY2x2TG5CY2UxN0JVMzg3aVNnRXJERmRvclBDVTgwbE9RblFiYTFGT0IyaGp4aC1samc?oc=5,"Thu, 18 Jun 2026 15:56:00 GMT",Google News
AMD,AMD Just Solved The Memory Problem (NASDAQ:AMD) - Seeking Alpha,https://news.google.com/rss/articles/CBMigAFBVV95cUxQN0tHeXdkZzhhSHQwai1KUkJNQkRDZVR1ekZHMEs0SGpsSG9ubmFUOUpGY29ITWo5bUZDS29nWk1RcHJvZVk4cWZYVklPYWpfQ0twMGVZUHpVMjNfbG8wWHYwU1BnZVQ2SEtLNHFFUmNDX0IyVXRLLUR0SzlWMVBkZQ?oc=5,"Wed, 17 Jun 2026 18:55:19 GMT",Google News
AMD,"AMD and Intel arm x86 against the AI gap with ACE, baking matrix-multiply engines & low-precision formats straight into future CPUs - Wccftech",https://news.google.com/rss/articles/CBMirgFBVV95cUxNWXl0MnRCQVViRGcyb3BEMkpRc3d0TlZRSEREcnJVMFR6aGg0d0ZYUWNsbTd4Snc5TzV0VC1tazVwU3V4THVjY0lXcFhzQmJaNkw2UHZHdUJnbEJfUnlEcVdVUU8xeG1MRXJCa1BqYXVVTFZOcldaZXBEc2EteXBqMlJMYThIY3NUd1FyQ3dmR3lGVERIRGxlTTY0LWZrOTF3N2lJSnhPYndGaHRzNUHSAbMBQVVfeXFMT1o5ZWNIdmRKZ09JMmhfYmpBdDM5QzMtZzVmZzN6UDhKSEl6am9DZHNzVFZJUnFoT3VUTXhNbDYzdG5jb1Z6NlJrQ3R1VmRwR1JRNjV3SDA0ZjVnT2hBd2dCamg4TnpRbnRqN3BmSXJiYmVSMnVDNEVjTnNlVkJFQ0tYNFA0SUJJT1JTY3JWbU1PS3g4MnkwRzRPNmJLNGlWQlc5dG1ISXZDYnRGQmpTYjYyRk0?oc=5,"Fri, 19 Jun 2026 12:05:00 GMT",Google News
AMD,AMD Acquires MEXT to Advance Memory Optimization for Compute Infrastructure - AMD,https://news.google.com/rss/articles/CBMihwFBVV95cUxPWTExMXRhejMzdlV3VENMeDNaMnBGbkNmajNqLXFQS3Z2ZE9DV3FOOEh6ZGE1a2Z2ZG1pTVRWeTdjUmM3WWM1MEZUVTFkM21tNVltYnlnWTdObmJvVm9Iay1VcnV2dTYxLTFlM1Z6UmRqOS0yVjR6bkxENk5Wd0I0b1YtcHoyVTg?oc=5,"Mon, 15 Jun 2026 12:00:00 GMT",Google News
AMD,AMD Stock And 2 US Tech Picks With Strong Margins - simplywall.st,https://news.google.com/rss/articles/CBMi0AFBVV95cUxNOHRDclF4RS10TUdzVWpJUE9TZW1WNy1YUzJIV3ZaNnRZOC1VbVZ5WXhNem8tc2VsOHA1aDllYlRiYW1vekYycXJDNFNLT1BGV1Zqc0tyVXBHRXJxMS1YbHlOMzBFZ1Mxd0dVWEN3TUJwS2tUaDduWlNYVHJGTzhxYWU3OFJna0tkeldnbE5FSFNrMHd2NVNmcnRKVEtfUVhRWGR2VFV6NkZmaXdoODRjNWYweDVNb3dJbUw3c0QxdnlSbDZBblVfVFlOUFVwYkJJ0gHWAUFVX3lxTE1sZTFlcFlOOHhQOUFsZ3NyUmdpbkV6dVR5VzVWekg0WjFMZi1Xd2pzeVUzQ0RWUWVoMnFTcEhEOC1VN0dLMW9XUUpaMUlqdWs5Rkd5dnZfQ2V5YnNmZDBmek5GeGltNmEwUkRDa29CZjVWZkV2b0lwbTlFQ09MQUNDUzQ0S2R2MDBSd21ZS2xPMUpDb3h5b0VjenNocDl5aXYydmk0dC1yZktPVDJOcEdjSWd6ZWpCX0RNWkZ0TzQ0SDNSdDFZdjVjSldSd2JuVTlZVnY3NUE?oc=5,"Sat, 20 Jun 2026 07:38:20 GMT",Google News
AMD,One Warning Signal AMD Investors Can't Miss - The Motley Fool,https://news.google.com/rss/articles/CBMijgFBVV95cUxPVE9CZEJ5QTMxdmRhbjFBR3BsTEpJVEc4S1FHbGZlVExfUldrQVJiZHo2OFJjOWVvX0YzdEdua2FGb1RfMG4tS0ZRaUtVR3dTX0RTcTFKLUxYZWloV0xkQmFJWXRPb2lKclktcHRqeE83dXBRMmljV3hCbXpzNjVlbkRFNVBheVBMOG5pcnp3?oc=5,"Thu, 18 Jun 2026 20:15:00 GMT",Google News
AMD,Why This AI Data Center Stock Is Surging on an AMD Partnership - Barron's,https://news.google.com/rss/articles/CBMijAFBVV95cUxNcTFxbi1YeDZYRHNmeUlpNERiMkJXZjVIVXRQVmgxTzlWdlYzRjhFVnBDV2J3QzloeDNHT0M0bVozeWdMeWpaOXdOcERvZlpMMlFwWXJrRWMxcHlsbE5xV0RNWXJKbGI5dklnaVJtaVRnZGRpRmZJUXE5M0pYWE1Fc00wUXp4OXJyMVY4OQ?oc=5,"Tue, 16 Jun 2026 18:54:00 GMT",Google News
AMD,AMD names chief communications officer - PRWeek,https://news.google.com/rss/articles/CBMigwFBVV95cUxQVVRxbHl2X3A1NlZ2WlRyQzF3TVVDaFBPNWJEMloxU3hxN0MwSkRSLXZHRHhoYkJ1ZmFrWXdRR3NmYlRDSEJtZkV1cHpWTnVCRFZtc1lFb1Q2a0dvLUZxemNnUVVJOXdsZ1hwLXJHdEdUaF91S09tT1JxUWoyOUdkZUUtbw?oc=5,"Wed, 17 Jun 2026 16:54:50 GMT",Google News
AMD,What's Going On With AMD Stock Wednesday? - Benzinga,https://news.google.com/rss/articles/CBMimgFBVV95cUxNTWNZVXprSjFmQUd1WWtuTGVCc0lxS3BhZjAzRlNfVG1hNUtkekJJbnBsUXJvMXpfazFmUWV2bktWYU80Si1CYUVRdlNXU2JGN0twb0JVOUpxZ1Eydlc0RFk2cnY2WHl6QUZNRXBLOVdNR2ZCakRFVTRhNmI1YThsUmdobmMya0d6ck1oNFRySDVqZXVyaDJ3a3lB?oc=5,"Wed, 17 Jun 2026 12:20:42 GMT",Google News
AMD,AMD Is Standing Precariously Close To The Cliff (NASDAQ:AMD) - Seeking Alpha,https://news.google.com/rss/articles/CBMikgFBVV95cUxNbExBT0hVdmU1RUM3QUx0aktvWGFZSS1qNVpuMlJXaDNNUjhiOF9wTmYyM1NEX1E4MWU0TUhTY3hmWHJySmdEbEUxWG44Vm1HOFhsY2xRNlhXNG5uZWlENWJyb3B1OTh6OExKVDY4cUhab25yVGRYQnN6MmF2RS1XQmJ0aU1oM2FmNWY1RVQzM2tRQQ?oc=5,"Tue, 16 Jun 2026 17:32:36 GMT",Google News
AMD,AMD targets “at least 7GHz” boost clocks for Zen 6 Ryzen – Insider claims - OC3D,https://news.google.com/rss/articles/CBMiswFBVV95cUxNMTVKamQ3REdhTUFvWUlhVjdyTldxRy16ZkRzV3kxZWc5aGs1ZDBHOGFzUFY2dC1vTTVMUmFVMEtRc1ZEQkZwTlctYk9XVFFaVFM3ZDg2SnkyR1E3RktLRnJXNmRwaUs3Qk9kUFNJU3VNQ1c0SktGYXRzMFhIWlJTa0FpbGVYNHdaUENjN25UWFBnQ25Ta0xyaUl5U3A1Y1JPemFIVk9rN3NXem5ZNVZfQUlNNA?oc=5,"Sat, 20 Jun 2026 09:46:46 GMT",Google News
AMD,MRVL vs. AMD: Which Semiconductor Stock Has an Edge in the AI Market? - Yahoo Finance,https://news.google.com/rss/articles/CBMimwFBVV95cUxOaFZyWWFGQl9McGk5d0VkdW5OOHh5ZmNwYWRCN2ZMSk9mZmdkWjRwSjN3RGk3dEhYU1RWU3IwYzVKU2NnTVptY3BZdm1UWjlzdU1fSEZLQktVdXBEQ0JkN3h5eGNuTlktVEpaQWFHY2haNkRUUW9oclFKTTdUdXA4dGpZQnJxUVZGODZ0am5XdDFudDZlRlk2R2EzWQ?oc=5,"Thu, 18 Jun 2026 14:16:00 GMT",Google News
AMD,AMD Stock Soars. It’s Buying MEXT to Fight Memory Shortage. - Barron's,https://news.google.com/rss/articles/CBMif0FVX3lxTFBPVUl3QjRpUWI2SklZUko4d3pvdDROcTdxUXk4RHlKZW9leldjMGphb095Z2NFVTRFdlpZM1lHSFVtcUotaVFUbkJTTWxqV2FCS2hCLVl0Tzlyb1hpVkF6YjdacjVIUGp0QzhJcFNTVUEzRGxreEZXN216eGdnOEU?oc=5,"Mon, 15 Jun 2026 19:09:00 GMT",Google News
AMD,AMD and Rackspace Technology Sign Definitive Agreement for Phased Deployment of 30 MW of AMD AI Compute - AMD,https://news.google.com/rss/articles/CBMiqgFBVV95cUxNeVM1ZDlTRjdNNkdCRUdHT295UmRmVUl5ek9aLUJ2em9MVVM2RW5uUGg3X2xzT1JtU21zUFREU1A3UkdOZy1ySUM1aGltbGdCc2NVakk0ZVZyMVVMVnRoeEtwd3dndUNuWkNwcUhvTHNRdlY4ZjN1MVRqeU4xY0g4cUlZaEVIZmJDczgzbGJucTdOYTF0QjNBSkUwTWpxWDFMaXItblQ2NVg1dw?oc=5,"Tue, 16 Jun 2026 08:30:00 GMT",Google News
AMD,AMD Delivers Breakthrough MLPerf Training 6.0 Results - AMD,https://news.google.com/rss/articles/CBMilwFBVV95cUxQQlJKZTgwZ1lhcS1EMUtqcmozX2JDd2JrblJKTUt5SVVUMzdnVXFCQUtTdVV5WTZjQUQ5dldXSy1UNkpXS2lpRGdaRDRDeXF6cEloRjFoek52alY1SWJOQkpyMHhGVEpLT2otWW1ZZFVYRGFaYjVNLXFKOTQwYVRuN3BnTVZaaDlqZDJ2eUpzakVHUkxCS01R?oc=5,"Tue, 16 Jun 2026 15:16:00 GMT",Google News
AMD,"Analyst Warns Intel Valuation ‘Doesn’t Make Sense.’ Suggests NVIDIA, AMD, Micron, and Broadcom as Alternatives. - Yahoo Finance",https://news.google.com/rss/articles/CBMiogFBVV95cUxNUWpMdEJpT21FR3FiblFsSWRFcFVvRFZpWHA4SDlaLXA1NTA4UlIwZldla0lGTlJTZDhoMTVieFVqa0h1Sjd2NktoQ1ZFNl8zaGh4VkNUOUhLUDU1ajkzREljYnZOZVhJWldGbVc2ejJaR3RFRjZOSmhqcTloYy1UYUtxOVRzY3dZY3JPMWMwU3hHemMxUW83N0xfMTM4RjNhYWc?oc=5,"Fri, 19 Jun 2026 17:36:48 GMT",Google News
AMD,AMD Radeon RX 9070 GRE vs NVIDIA GeForce RTX 5070 Performance Review - The FPS Review,https://news.google.com/rss/articles/CBMirgFBVV95cUxNVWI3ZjVyOFBZRHJGbFR3M3M1cXBrejVVamxfNzFGWEVVVnVqZkRWNlc4dnpOZVpzaDRBanlyYV9va2drSjBmUEVsQmNfaTBxNnpxbVVaY3VuMTRDR0ticWlYbkpFZGZsVExfRXZjc2RQUmZRV2k4aE9INE9LMktYazY3OGtLUWNJMURYRHFJdlZjOTdhcWlqX3pGUkQxSDdVNnR1bVhBWGx1dmZKZkE?oc=5,"Fri, 19 Jun 2026 13:00:00 GMT",Google News
AMD,Better Buy: AMD vs. Intel After Intel's Monster Run - AOL.com,https://news.google.com/rss/articles/CBMidkFVX3lxTE5FN1hpSWdieXVsVVNKQkI2RnNWWTJNaEpnazdCcTRGdnJiMUp2MmktbnVBVFJORzE0UV9CaDNDcDFRN1gyRExVdkdpTTJxdkNrTTBIejZPLXFfeFFSM1hEMzQ0UHpoOXpvdU5JNU5PWm54c0dqRWc?oc=5,"Sat, 20 Jun 2026 06:11:19 GMT",Google News
AMD,"AMD silently removes memory encryption from consumer Ryzen CPUs, leaving users unaware that they may be vulnerable — security feature vanishes after newer AGESA firmware, AMD engineers go radio silent when pressed about the change - Tom's Hardware",https://news.google.com/rss/articles/CBMiigNBVV95cUxNeFFXd3pfOEFRRTFyeWtSX2Nna0RISEFxRHFRbmVsMUVSZ2s1SmhXT2ZZQVpoZ0ZFckh2VkpmSUc3WThaSGFOcmlubW0ya3pvWkFXWUdlc25OQjZBRzJyTXdSd0hFQmRIV0J2WnhnYVpkaDMwaWdkZkFCVUVKWXExOG1MZVotRXhqdG0taFh3bGZ6SUFES202Tm5GWTdCUHZXS0l0TGZ3a0o4R2pWWVZMSFdPZ1FXQk5vbW1qX2FLY3l3X2lUT0FSNzV5cjZnak9vSTVaUFNyc1FZNkFvRFVhZVhkekktbnUwb0N4ZlcwdUFRTno2UVJES3lCYm54ek1BTU11VnJPeGpHWEFOLU1NU2poOTZVVGhTaUtaRmtnTEhITmVLcmFOUXB4bU9lc1gycHB5OHl0cGRrWGl6VndYUFBSR0FReGs2NWlpUVJVSm1fOEpmcVRXcWViUjNLYURYd2JKcnJfX3hyNTVPbGY4R1Q1TzFyZVBsbnJ4MzdUVmpGVmZPM0RodUln?oc=5,"Wed, 17 Jun 2026 10:00:00 GMT",Google News
AMD,"Buy, Hold, or Sell: AMD Rested Near All-Time Highs as Kevin Warsh Opened His First Fed Meeting. Is AMD Stock a Buy at $507? - Yahoo Finance",https://news.google.com/rss/articles/CBMikwFBVV95cUxNZDJRcHA1VXd2VFNqZXJfTDRHVk5pS0k5VXBxSjExcEZhVThLcGlMMlBqbkp4emtiRmxEZnhFS1dLY2h5R3ItMU9ENm1uQnl0VUwzOXlvV01YTDV0ckhTRU9jVjhZOFczVjhLOHc0NWR3WERkMm5MWUg1cUxmbjNPM28zVTFKeFFQTjAxUVU2bWtSZG8?oc=5,"Fri, 19 Jun 2026 13:51:30 GMT",Google News
AMD,New AMD Update Leaves Countless Users Vulnerable To Attacks - bgr.com,https://news.google.com/rss/articles/CBMijgFBVV95cUxNTmNZTHdSd1Fjc3p0dWpnb1M4U1dzWTFlMU5lRWw0RUFSajAwRzhYUU1tcC1WT2hlNDdiZ2dRQXUzWVNpbXJReEltUlZPQW9zbUdXdlpSTkt3cFN2QUJjeE1HcGctVmNHYXRJRS1TTGU4cVJEX0daYnlOTjFpTG55RmxrWXB4eTNPUDgyWG93?oc=5,"Fri, 19 Jun 2026 17:00:00 GMT",Google News
AMD,AMD Quietly Drops Memory Encryption Feature from Consumer Ryzen CPUs - TechPowerUp,https://news.google.com/rss/articles/CBMipgFBVV95cUxNUkJpUGVQd0hnZ3g2dk9YdkVfa2lGcE1HR1g3bnZ2d0RkS1lYX3RRc3VWVUtxTE9NNmpadF8tc0dGcGNWdFBJX0lGSk41TzV6SkN1WjJINFVJQ2pTLUlkcFpqbjJLTWNTT3ZqUkFPaHBmbnJjb21UeDFIVnNKLWJLeHdXaFBQcmpzalpVb3ZfMkZWRzIxaWowcy1qc3BXLUhVZmRsZXp30gGrAUFVX3lxTE9xV080V2NManY4X1RHSFhOdFFSM2pNTnV3UTdlS21SdmRLTkFDS2dkb2FlM0JIUWNaZ09tc2tiQXZSb2k2TERUV0VjcFdfUjFBVzVGNUNVdXNOQW5QMnpCcEpVcmVoVGl6QVduSE5Pal8xUEc3cjkzdTUxTFh3Mi1aQUozVW9JTHhlNkRpaUNQWlBvWTd2QUFaWXBIX3lwZkg0OTNyWlZiTUlORQ?oc=5,"Thu, 18 Jun 2026 08:03:08 GMT",Google News
AMD,Is it Too Late to Buy AMD Stock? - The Motley Fool,https://news.google.com/rss/articles/CBMif0FVX3lxTE1kbDJwV01VaWZ3X053a2ZBZU80OW4xc3ZCZUtOMGkwTzNWWVhLWDJVVTY1VVZNMGVOQUJZOUd4bk9WYkdRRmpJcEpJaE85R01NRk9sNkhhN0hPdFRfUzdTY1lCb2RIX3dIVElpbDNSQ1lZV0NUTXRhc3hLZkNpWFk?oc=5,"Tue, 16 Jun 2026 03:40:35 GMT",Google News
AMD,AMD Commits up to £2 Billion to Accelerate AI Innovation and Research in the United Kingdom - AMD,https://news.google.com/rss/articles/CBMirwFBVV95cUxNQkxYRVlkS1ZGYWxPR3o0NW5lNGFLY0R5MjJFd0lad1JrdGNxVjRmcFhmMGYyOFdzMUN5S2JtQlFWUFNwVWtuLUlxdDFUZzQyejI3T0tpbzVoaXhsN0UzNWcyWS0xNjdUaHJldHQ3Ylp0NG5NaUtDWjhMVW9TSE5DQ2dZOWR4NXR1N3Bta3lycVBOdjlGV2RTZUtOd2JrSVNPNzhiWW5la0N5ai1OelJ3?oc=5,"Mon, 08 Jun 2026 07:00:00 GMT",Google News
AMD,AMD isn't trying to 'kill Nvidia' but is challenging its business model (AMD:NASDAQ) - Seeking Alpha,https://news.google.com/rss/articles/CBMiqgFBVV95cUxQNmNyQkoxVVFHUjJXVWdOUFM4ZTBlRkxkbEZPZ04yR2ZBdkhUeDFUMEVXUVo2Sk03c2VIbjlhQW55bWFMZk1XRk5rbnNxSEUwSXEzZFkwMUloZl9DdTE0R05xUmlfbzFLUW9KTjNEUUQ1MXJkTFJJVl9NRjlBUE9ZQ2ttd1JuOWdPUG9ERjlCSFh0ZmMyLU1wQzVRQV9aM0tfSG8xU2xkN0E0UQ?oc=5,"Tue, 16 Jun 2026 14:11:12 GMT",Google News
AMD,AMD plans to increase the price of its graphics cards by 10-15% in the second half of 2026 - TweakTown,https://news.google.com/rss/articles/CBMi3wFBVV95cUxOdDg0QWhsWFlZT2ZzREhldF9KbWlBNnY2S1BmcnRUc1pNTnp1MXR4SHZYUFd5S3pNNlAtZDVvU1hvX0JLMFQ3cFZ3Z0ZsaC1YZ0Nvd0VyekNoM25iX295Um9UUGxWLU9HV2VReXg3bFlRYWRhQzFjanQtUGYyaXN3aHBOQ1laMm9hZUNFbUpHX0hVQ3pybGVIVFdvSDFBbGpKUjFlejQ5Wktmbjc1SDRMaUlTS0NQdlAzMUtyQnE3SlVKWFd6R0hCTFpCRXZkbENwLVpxUnBHTHJJNldxbUw0?oc=5,"Sat, 20 Jun 2026 00:40:05 GMT",Google News
AMD,"Micron, AMD Lead Chip Stocks Rally On U.S.-Iran Deal - Investor's Business Daily",https://news.google.com/rss/articles/CBMijwFBVV95cUxNMjE0eE9ZNGxBd3k4YWtfVlFkTEhFaGVuQTJpczBHMEdRbV84Ulp2NGFtMVZCU2cxVUtxVEw3Mm9tcnV4aXBIbW50ckJWdUIxbVhEaVBfUm5ELXpQNWZ3ZFpsMFozdFJObGg0aWVUOEpTM0xzbjZmU1g5ZndCSmdzN1Nya0syOEdXOHNKR1doaw?oc=5,"Mon, 15 Jun 2026 20:38:00 GMT",Google News
AMD,Is Advanced Micro Devices (AMD) One of the Top 10 Dividend Stocks to Buy According to Reddit? - Yahoo Finance,https://news.google.com/rss/articles/CBMimwFBVV95cUxPX01JTlZEN1k3U2RJcXlGaHQ4Q0M0TnRkZHFubmxQVkpUZzZaUHhkS3FuWE1sc0pVaFZyMm1kRHhWUDVNSGVKZFUyWWRQYnE0ak5FSnJfUXJqcVVGZ3NtOVB4eHA3UF9qcW1pSW5SYU9OQVRjMEhjR2R2U29pdjhrWFY5dTZNa001RUNaSzZZQ2ZmandZaXVyV1RyVQ?oc=5,"Fri, 19 Jun 2026 03:55:00 GMT",Google News
AMD,Intel and AMD's new ACE CPU extensions bring an efficient AI-oriented instruction set to x86 — a new design makes matrix multiplication more power- and density-efficient - Tom's Hardware,https://news.google.com/rss/articles/CBMiuAJBVV95cUxQdHpEamZ2OThvRURzLWNfRmsyMURWckRiSHNkMXdZRzNodVQ5LS1HR05OQTNNX0x1b0FGWnJEeU4tQmxpbzVxWXdiM1IxVzJFcnZvWlVoWFNYUk04Rm55SGFuNzlNOFQzUnVCcm9PeC1DLXVDYmREdjBHNUViVFM2cXQwWWZ4TzdMeHZqcERMT3JxQXMzbWpNMTBtUXVfeGVBV0dJVE1TMGdDaTJ3UGNKRHdhSnNKWmdCYllqN2w2UnlIZlc0U0I5UjEwcW5uWGhxYktKcDB1UGNPek9la09udFQweUpOMjJuTENFTHFjaEpUNHNveXViV1hmY0R3c05uTVNaNWZQbUhrQTZUS0FCeFZhbGdtTGVhRkQ2amJBX3dnZkEyZWVFamEtajF4Vkc5bmx0SURSbTU?oc=5,"Sat, 20 Jun 2026 12:00:00 GMT",Google News
AMD,This tiny AMD PC just ran a massive 397B AI Model that required a server room full of GPUs a year ago - TechRadar,https://news.google.com/rss/articles/CBMiywFBVV95cUxNbzJsaENrVWl1Z3pROFJHNUFhRmRsTFd6RkNsbUNEaW5id2ZGNHV1c04xZV9oYnJ2aHZxcXVSSWljLVJTWkM4ZWtyV1c1Ukl3d2F1MXQ2cW1IMUxoYXlvTVVLbWhLNGxYdnhnSnAzckEyZnJZMFkySzBSaXk3b3FTTnFIOW9JWEs4VllDNUVQbzVSekE1UVVLSWswQnFuSWVrUDAxWks1UXZZZklWUW5DQkNXWTJWMnctZmZUWlAxQVFqY1FyRG1tMGZfOA?oc=5,"Fri, 19 Jun 2026 00:20:00 GMT",Google News
AMD,AMD deal sparks Rackspace stock surge as company cuts jobs - thestreet.com,https://news.google.com/rss/articles/CBMiogFBVV95cUxQQURYdmF5MEJkZEc0WWVHcXQ0bmQ3R21QdGtMN0NaendYcHJndHNZRWZ4ektTUGlRampmN1NVWFlxYnhPY050Tk95eko5ejdCUE5mQ284OERUTXZvRjhxTTFMNlVvZWFZSXdhYVNKbVZMSkdjWTRPRkx2TkdicXN1RF9EWlMwY3E0bmhfYWlqYlZXTW9QbENBXzVuS3dlTTFlWnc?oc=5,"Tue, 16 Jun 2026 20:07:00 GMT",Google News
AMD,AMD Backs Hybrid Quantum-Classical Computing to Accelerate Commercial Quantum Adoption - HPCwire,https://news.google.com/rss/articles/CBMiwgFBVV95cUxNT3EtX1BGaHlzUEMzWGM2ZTVqVkpKQ3BzZkttWGlNQkxkckx3V3U4YnhtRnFyYTRWeFRIMldyNnlrZW43cXkydi1FbllkTWI0QzY0WjBJbDBzSzBuRnlBQnJhNEtOd2FCOVFVQVZ6RzBRdFRLckxGLURQV1RhTGVHdkNyUmR4SG4yclZiZ0hvTFl1eE5JdGJkVF83YWtjSksyWWNtNHB3RkRFbzd4SXd2VDZsUE5fb3VWLTlRWG9zaDk5dw?oc=5,"Fri, 19 Jun 2026 22:58:29 GMT",Google News
AMD,Agentic AI Needs Rack-Scale Execution AMD EPYC™ Delivers It - AMD,https://news.google.com/rss/articles/CBMilgFBVV95cUxNaUdDQ1lFdUYwanRHOWgxOTN6cW1MUkVjNC16aE5xN0l5T2lJa053ajJ4MEpOUTgwU2FjRTR2TUZ4ckRHbmZsWmJkRlF0dDlVLVZHTURIRW9SVGlwQ2U1Y1F4VXUtTnBFSGhHX3RnWHFyUFZzbmt4V3ZLZm1jbXNhWTdwdW1FMEFjZG9HMnlTM2RYc3d6a2c?oc=5,"Tue, 09 Jun 2026 07:00:00 GMT",Google News
AMD,"Worthington Financial Partners LLC Invests $875,000 in Advanced Micro Devices, Inc. $AMD - MarketBeat",https://news.google.com/rss/articles/CBMi3AFBVV95cUxNVmlPZHBBNnlRUU1xYnNaakNjdlY2cExuUmYtMVo1S3lON19iVVJpZHp6Rks4STJwaHNSeWdtWGR3blZCWkVqcjd4b1pTcnpSTTA4bFgyb3FYNlZQaXhDNEczLTdNTWE3NkswczFKZVVwVkVKcV84dnlmN0ZvZDNIZWs0Y1VwNEdpRWRWLUZIaU1PWE5XMVlENTVwZjRCNjhBQ2syTFlOU3pkbFhDdkdCc0I5RXA0bWgyeUhBWENsclRJREQyMEVITExzZjNFLXZnc3ZpMGVSdFU5RzRr?oc=5,"Sat, 20 Jun 2026 11:26:40 GMT",Google News
AMD,Forget AMD: Amazon Declares War on Nvidia by Selling Its Own AI Chips - 24/7 Wall St.,https://news.google.com/rss/articles/CBMisgFBVV95cUxQMUhjUWJSOTk4cklXejBWQnJQWmU3NnAyOGtheVNhbFdmM3FEV3Zhc2NCcy1UbDk3aEJSRmMyX3pxLVBZVWo0bkpoSHFtbTNFOXJ2Umdha3hqY1N3ZGNMUlUtZEV0M052ZTZva1RNdWlpejI4RV9LMXRtcG5PaEJoNlJQX1puSDlDaXJkNlJoOHpGeVVVVVF0dG5ZV2l3MkdjT2lWMGZzVTZkWElhV3RBX2RR?oc=5,"Fri, 19 Jun 2026 15:32:29 GMT",Google News
AMD,"UP 280% YTD, Will AMD’s Rally Continue? - Yahoo Finance",https://news.google.com/rss/articles/CBMilgFBVV95cUxNcDdBZnlpTEZpRnIwamljeVItUEllOFRvT0dzMTBiQ0ZoaHdNT0cyb0hFMWk2OE1Rek5SdU8zNjFnbzVJcjJkekJZMXV5R2xJNzFiVTlodXIxbVFDOVo3NXJZemNBYnhEWHBIZTQwamo5TWQ3cTM4cUp0MkRpekJRbzM0Z1l5dnRhQ1dMaEVsUGZxWlVfaFE?oc=5,"Thu, 18 Jun 2026 16:44:47 GMT",Google News
AMD,"Is Advanced Micro Devices, Inc. (AMD) One of the Best Growth Stocks to Buy, According to Billionaire Ray Dalio’s Bridgewater Associates? - Yahoo Finance",https://news.google.com/rss/articles/CBMimwFBVV95cUxNYUdDVEV1Skd6WGItOUMxUDlCOF96WkVYTVVYRTAxOU5TSEFOb2hxYmpxMVVCVFUxN3VMdFF4aWNKcFhhbDRhdHMtMmxONEtrc2VLZEl6RXNCZEdybDhfcnBrcUdiNVVDaV85THFhOHlYUGpnSUN1YlJrZHJ6bldleDNaR2pkZmpkcjdFa3BBZ05MZW5ZSzBCOF9fUQ?oc=5,"Thu, 18 Jun 2026 21:19:50 GMT",Google News
AMD,Early Prime Day sale brings an unmissable AMD Ryzen 9 9900X3D deal for 15% off the MSRP - PC Guide,https://news.google.com/rss/articles/CBMiuAFBVV95cUxOSnFCcVFsRDRVTFBMM0JMaVhQcUdTUUR3TEc4ZzNqWFNiNUptcGMyQmw4ZmNfaW1jYlYzdHVsdTREbGM2bW1TOWdKX3RrSTd0U1VLZml0VnlfLXhWZUMtMkFHMkVTRjdJV1E2aDFoX1RxbEtPc1pnS1B5alk3QTIwQ0hRWmIzSFB0Mjd2S3EtMjJWVGoxZVVfVVVVazlUUXlJb0xiR1dLMnJLX25iajZJVUYwRUJzTkpw?oc=5,"Fri, 19 Jun 2026 20:29:24 GMT",Google News
AMD,AMD (AMD) Buys MEXT To Tackle AI Data Center Memory Bottlenecks - Yahoo Finance,https://news.google.com/rss/articles/CBMikgFBVV95cUxNUnlMYUZFWVlYTmM0eFM0UkVjZTZTRXZjWm9GdTRZMXlqUXNKc1A1X3hQUC12c0daaENITktVR1NUNUx1RkFpaUtSOXNGejZFbjlSQ1NTS19EbGhBN0c2cXVrdWllSzRyamRJZUVMWHE2Tmw1dXlZUFZQcjBtVG43T3hHVjk3OXBLUEYwX1RBdlpEdw?oc=5,"Thu, 18 Jun 2026 19:06:22 GMT",Google News
AMD,"AMD Ryzen 10000 Series ""Olympic Ridge"" Could Trade Integrated Graphics for NPU - TechPowerUp",https://news.google.com/rss/articles/CBMisAFBVV95cUxQRjhlXy1Qak5oRHFDSEJoUnZSZzF4NWJHTnFFZDJSb1dGVVdfWk1HbVI3LUZiMnhyakNOalFnYTB5ZUNUaTdMYWxmckFBOGFPTHYtNWY4U01zeVhpTTFBbHFKZzdFbFUxQ0tnVDQ3SnAyTkdEN3N3UFpGdGhGN0hLTkZkRFJ6aGFZZEJsQ1lSb2lldGtQYUNXVWh0ODNmczBkVktTc0pxMmpuT2kwUVlEbNIBtgFBVV95cUxNeEJwR1Z3VlZRcFRUUWhsSDNNaFBWaS1tMjI4aFRac3F0TU54THduRWRtUndCVFVMMThnRlZQdVhoeGVzbllmTEdwSkIwdXJreDNGaWhUdkQ2LXhjNkMtVXlvd1RKWmpHX2JkR3VJMC15NkNrUFA5dTVpOGJGdEpnRDlpZVRzY1UzVmJJVWR5TGxDS3lQcWlHTDBHQ05PbXFSbkYycGlNRzM4OGItTXlxS0lZZjI1QQ?oc=5,"Tue, 16 Jun 2026 07:48:00 GMT",Google News
AMD,One Warning Signal AMD Investors Can't Miss - Yahoo Finance,https://news.google.com/rss/articles/CBMingFBVV95cUxNMkxKX29hZmg2dGdPQmk4VGhCT3Rmdm5fWFlKZGZYVGoxdU1nbUVnSW1uMEVLQlBtdW1sZXMwTUd1Ri1FSjhxSzVjQkQxMFNnZFNKWE53Q1JPQ21kM2g2b0pMUEY1cWUyNy1USVV3bGpoNzBVRWdzSkRqVW1LendvLV9yZUFrODNHZ1lzNXhlMDhhVm1lTS1yTFEwd2ZZZw?oc=5,"Thu, 18 Jun 2026 19:35:00 GMT",Google News
AMD,"Amazon CEO Jassy says company could sell AI chips, raising stakes for Nvidia, AMD - Yahoo Finance",https://news.google.com/rss/articles/CBMiwwFBVV95cUxPMmVKcEt2ckFoNzZLdXVYT1BiRnVrVjd3V3hwR3ZmcmdJVWp5bzdwNmNXU3Zra28ycm52UVZUX2dvRGtpNVlnVUVSX2VZalVxZnJlQl90OWU4aFhpaGxlMklFOElxUGZoVk9VMWsxZjhNMDNXWlp5bXFyNnF1Vm9wYnlvalZ4MWVjZi03NzYtX1h6eFBFR1Fua0lTQU5raVVKYVEzLV9SbnB3ZWprTXdRNVR0eVJvUDhEUExQUUVVS294QWs?oc=5,"Thu, 18 Jun 2026 16:43:34 GMT",Google News
AMD,Why AMD's Recent Acquisition Makes the Stock Even More Attractive - Yahoo Finance,https://news.google.com/rss/articles/CBMinwFBVV95cUxOUkhxTzF5clk0RTJPSHVrZ20wdUw3RUVPY19pNVc0NTJsSlpZMXVVcjlkcWRhSm1DMlNvUkZwTXptRXFGQkRmNFl3VlZrRUc2eG45OENOUUVfeTA3ZXZOQ1BvRWk0S054WUJIVF8xQ3dmcXI4YWk5ekExajNqeWs1QWFkMlNmY01pNHJ1YW1GTlNDR1RkemR1ZloweUNaLXM?oc=5,"Thu, 18 Jun 2026 08:54:00 GMT",Google News
AMD,"Is Advanced Micro Devices, Inc. (AMD) A Good Stock To Buy Now? - Yahoo Finance",https://news.google.com/rss/articles/CBMimwFBVV95cUxNbjhwZGk4R0h3R3VTbE0tRE1wQWQ5VGJUYm1GZllnLUE2N09hRUFERUhpenZSZTFZeS1mQTNsTi1SRzFTbHZ3VGpJNGhyZkRYcGl2SS11djcyV3dTMUt4dHZXMk9JLTAwaDNvMUhyRVRWLWwxYVBmNVktS1RkRTRQRm1PbVpKMGo4SDR4WkotXy1fZ3JlTm12X0lLNA?oc=5,"Sat, 13 Jun 2026 16:57:33 GMT",Google News
AMD,"Taylor Securities Services Inc. Purchases Shares of 1,202 Advanced Micro Devices, Inc. $AMD - MarketBeat",https://news.google.com/rss/articles/CBMi4AFBVV95cUxNUFFkd0FxS2VoUWhvdnlnRG15NWRYaXhUSnlJOTBrbG15X2VGRUNIbkZtUmxuTUoxNzRSWVNQanU0QWNkTjkzWTRVVEd3M2hJVEg3UEo1NENYVlQzYnZqZ2FaY3NXR0tWUldNUGhxTERMMUtpcjhlVk5kajFhZHNCNWxrQ1JOYVJ5TzM2N0FNMTYxbTJSaV9YOXJ6Qml0ZHRvcGFfeHItcHppZnR6WlJGRHJveEx1X0VrNWp0eHJvSllHeDF5OW90SkVLVGtVOGZHbXA3bnEzYW1xNzA5SWFSbA?oc=5,"Sat, 20 Jun 2026 09:57:21 GMT",Google News
AMD,Forget AMD: Amazon Declares War on Nvidia by Selling Its Own AI Chips - Yahoo Finance,https://news.google.com/rss/articles/CBMimgFBVV95cUxQdWpjeHQxd3otRkdIanN5dGZ2LWc3ZWx4akRGekV0blBYTTBoT2lNS0RhUEFRcXVNNTc5N3QwWWJmXzU1VGJKSnZkbFlHcDYtQk5TUGZyZFVUT3U0dHczWTlVR3ZJQ0NHdk5HWjVhc0plVUduNWd6S3d6Tk1Hck9oWkNpZXdUUHpaOHhoaFN3cFBCbloyTS1FZ1NR?oc=5,"Fri, 19 Jun 2026 15:32:29 GMT",Google News
AMD,"AMD and Intel confirm ""ACE"" AI Compute Extensions for x86 - OC3D",https://news.google.com/rss/articles/CBMioAFBVV95cUxPWWJwc3JnSUxkdHZ5bk5iN3ctU0hxdFNUMXFZVkhKM2hYb3BBTVY5QTNQdDBqdnZybHJIRUlMV3lQX05NSWFURV9qSWgtX051NkJpYjdhM1VHTFFOcVRuOVRkdkJQaVRseFk2Z19idlFhRkh6SUxMRHdPMkl6d1JfQ3pXeVhoR3J6UjV4cGJjczllR21fWHNnZlZyckdWVXFR?oc=5,"Fri, 19 Jun 2026 14:46:31 GMT",Google News
AMD,"AMD Olympic Ridge “Zen 6” Ryzen CPUs Get Integrated NPU At The Cost of iGPU, CUDIMM Ready Platform - Wccftech",https://news.google.com/rss/articles/CBMimwFBVV95cUxOT240Y3NuZlV4ZlBJeGtzNTlYaEhvMTdNUWhudlJrMU5xV2ZKSjRZUnNURXBTb284NXBhWmFpY2dXQUxwcjBBRUxSS3V4RGhUeVNIWXE3WEVSNG9NaG1tT2swUjZFdnkwWHhxbTJxeFBsM2ZSUV9kWEJlazRDSnduY1A4anhPZUlFclN2amhjWEQ2OXFmRjlKdGFHNNIBoAFBVV95cUxPdlJNbHFydFQyT1E4V0pxVllYV1hVMmNzb1dQcFF3VkxlVzVDZEwwT2kwanlWV0Fzd25nby1RSW9KUlBETlBqUzdfT2ZwQ2dXcUpkckkwLW1xZGtuVkVoNTNsUloway1YYVFrU0NvdFZLaGJaaVJwTVRLWU5Pb3JkVEZKNmc0ZFpvckhLcEFSZmsydVA5VTBCVHNrNEhQTlph?oc=5,"Mon, 15 Jun 2026 20:10:00 GMT",Google News
AMD,"Meadowbrook Advisors Group LLC Makes New Investment in Advanced Micro Devices, Inc. $AMD - MarketBeat",https://news.google.com/rss/articles/CBMi3wFBVV95cUxQVkFvcHlwTk9hWTZ1NGc3Y1BJN0l2UlJqUGRBOUpHaGxDblBfTE1lSHhXRk9aWXk0SkczVkgzUXAyamF5NE82cmZJeXFoRlcwMmw4c3hDdFdwdGs0eUtZUkVrUGFYV0VrbE9fcmdsTUVoN3JFaXRhaFdXOEJxc0JxbWVRQ1N6TUlLVWRRMDVOU2JWT2FTOGFEa01ITG1Wc0R0clhOd2hFWUxXUThSUHBUWklDdjUyeHdIN3JWa3pyUkttMi1GaTJPUGtuaU5WVjdROGF5M2tVeDVxODAxYkt3?oc=5,"Sat, 20 Jun 2026 10:27:59 GMT",Google News
AMD,Why AMD (AMD) Stock Is Up Today - Yahoo Finance,https://news.google.com/rss/articles/CBMikgFBVV95cUxOOXdtZFM2aUJtT1JsYVU5ZkoyT0JFYlFUdjJLZjBCTnU4bXpuYlJ5U3BpcG9mdGFEWmhtSjllcHZONHFpeElRRDczQmsxM0hoV0ctbEZjbXY5VDB5MXRGelZjb1kwUGVuMXZ2U1FvVnFZOWhPbTcwQWtWUktfUi1sSm1BemlQTlR1akwtOHA1MXF1Zw?oc=5,"Fri, 12 Jun 2026 21:57:20 GMT",Google News
AMD,"AMD Is Trying to Pull Off a ‘Ryzen Moment’ With Radeon, But Admits the Perfect Gaming GPU Platform Is Still Generations Away - Wccftech",https://news.google.com/rss/articles/CBMivgFBVV95cUxNbGxRZ3JtcFBWd1VZbEg3bDgtY2NaMHJiNjc2RW50SnR1aUZFT1RNamFqOGwzVFJYX2pFOXQzLWQzWmdoWEY0a2NJR01KajdJblpFNWdJeDdiaTVGampJMDVhRFd5ZVE2dkNhQ3JxR2dvdHNWTnVvUDFDZ2NBendUMjMzTklMeml1Q3Z1UkQ0U3V5R19pZlZ4YmFYeWlaZzZUVndVS3Z6ZERKbmtUY2Joc1NvVGJnZ19XTzNJZ2530gHDAUFVX3lxTE5QYjdBcGJmQkdXX0UtdHVrY1NXMmE0NklVWHhNeEU3UTNxU1pUcWdTbEpaWWgzUTVpTWpydU42RHRfWnluNnBFMVZXdnQyZU91Z0dNc0ZXZGZ4bDBnWnRPTGJ6UW5tV0h4Ymk2UkZxelE1WVFwTVc0U0RUemM1dHdZYlhiSUE0UDRoUWg4OXJ4eXNLQjZoSkJid1FFV1kyRWpmYV9kQ3o2NWdQZXpYbXhzTlJOWGhLeGd1VmlwSjFlenFUZw?oc=5,"Sat, 06 Jun 2026 07:00:00 GMT",Google News
AMD,"Samsung sees rising chip production requests from BYD, Google, AMD: sources - Nikkei Asia",https://news.google.com/rss/articles/CBMiwwFBVV95cUxQSU1hME1fOWN4WWRvU0lGc1FXWjhQLXBwZVZtRnJUaS1QVG1WMkc3ekgzeDlad0pHenN6RGpWQk01Z2RDRGszVUVseEZ2c3FMODd4YzRtNjRXalJCYlUyY1pkU0hFdWVuMmt2YlpuNzdhVzNpMFVmaWhhZEVQbFFxeS1IWTJOamxYMzhOdUZnYzM0LURZRWdHVDNoSHVRcWVieHdlTHJlZVdkY2djVTJuUWFYZHE2b2pTalUyWEFXVVZJMU0?oc=5,"Wed, 17 Jun 2026 03:09:00 GMT",Google News
AMD,Nvidia’s Biggest Threat Isn’t AMD—It’s Its Own Best Customers - Barron's,https://news.google.com/rss/articles/CBMieEFVX3lxTE1lZjk4U0Z0cWl0U0NPU255Rng2ZlBPOXNENklQVjQzOXZiUk0xckRPbmNBdk5HTmZlUlhMN0VTd0ZCUjdnMGstai1vMDgxVWNJekFPb3d3RHplQ3dMNUtUVE1ueENjTW15TzMwbVFJeS1CUDFuaEp5OQ?oc=5,"Wed, 17 Jun 2026 14:08:00 GMT",Google News
AMD,"AMD vs. NVDA: Which Artificial Intelligence (AI) Semiconductor Stock Dominates the Next Phase of CPUs, GPUs, and Robotics? - Yahoo Finance",https://news.google.com/rss/articles/CBMiogFBVV95cUxPU2RleWFVT2RORVJ6TFBHQm1mWW5VcGlSSFlZRU4tY3FuMW5kUjVqeVdkTGRVMTlJZDVjLWZMcm9qenRZUXd6LUNqdEhLT3RfcnlCdGN2WUNrYW5Ia2JUV3NUdkpwS2hhNmJXYWNnaktsVW5yMWNJWWZFX014Y2FKTEFoVXZtM0c3eEYyaTRNanJ4TmpyWkpDTWhGUlpHSU1udVE?oc=5,"Fri, 19 Jun 2026 08:22:00 GMT",Google News
AMD,"AMD vs. NVDA: Which Artificial Intelligence (AI) Semiconductor Stock Dominates the Next Phase of CPUs, GPUs, and Robotics? - The Motley Fool",https://news.google.com/rss/articles/CBMimAFBVV95cUxNclBVSElJZjBXOUNZM3hNUk4xNHRiUk9SM1NhWDlKZEtiUThHWENyTkJaTUFEelduY1RodWVtRFNMTHltdTVnUVh0NEpmTG15cUdROWpadnp1VzRZM1hZblZIT2ZpYkpNcWlOd0c5S2ZBLTB1VTFmR0hIQ3NuRXVZVGFhcUpZYWNtZjJ5bGw3SUxocFA0cHZNcg?oc=5,"Fri, 19 Jun 2026 09:02:00 GMT",Google News
AMD,"AMD confirms Ryzen Threadripper TR6 'Mustang Peak' with Zen 6 cores, 2nm process, and PCIe 6.0 support - TweakTown",https://news.google.com/rss/articles/CBMi4AFBVV95cUxOQ2lwOF9NU1lTOEVGXzZWTU5yUkxyX3dBcnU2Tmg4cUFTTUJxRVV5d05scUcwRV93V1pLTGlQbWZWaXJBeVVObjhKU0VXV3ZUYzFSbF8xZHFZQ1pJRTdrOF9yZDN1bGNMSVRzaXk3empiOThMTktRR2NQRzdzcVBnSGROWXI2djB2NnBjMm53WXl4SFFEMU0xNnBJRkhPVDZacmx5S1h5aXUxUjVzdHUwQzVYN3Q5Y01sM2R3Z3B2azJNVjZmaTRkRzV2S3BlMk5NZXp1blRpbGViUmt1d1VGeg?oc=5,"Thu, 18 Jun 2026 02:10:07 GMT",Google News
AMD,AMD ISP4 Driver Merged To Linux 7.2 Kernel - Phoronix,https://news.google.com/rss/articles/CBMiWEFVX3lxTE5xaENvYmRUV1Qyd3Z1TTZQMnFsSUNPSXlOSXUwYlJCMFFDMmNSOHpYQ0daaW5teUsxVDljMEtTX0U3Y3VsRVRoOTNXeVJRZ3hpRVlPOFVGMU0?oc=5,"Fri, 19 Jun 2026 01:00:00 GMT",Google News
AMD,AMD Stock Pops After Buy Upgrade. It’s More Than a CPU Play. - Barron's,https://news.google.com/rss/articles/CBMidkFVX3lxTE54aU1xUUJwUmFXZlliR09UZGhwb1JSRzNrSnl2YkhxbVpZNGRqcl8tVmEydGhuRnJGQmlpOFRRLXVib1Ayb1NBTURaN0pHaTRBck1WRldUS05ibVhlT3h1YkFuZUJtUjJEeXItTDBGUkJLQUQ0c1E?oc=5,"Fri, 12 Jun 2026 18:07:00 GMT",Google News
AMD,AMD Mustang Peak: Threadripper switches to TR6 and PCIe 6.0 with Zen 6 - igor´sLAB,https://news.google.com/rss/articles/CBMiTEFVX3lxTE9iYXJGWU81WTVJN0dua1BjdzRYbDlWVTg3RGpTZUx0S1l2MXpKY1BMc0h1TjV1S1dyN2xVSFZVc2VSMV9zQXRpTTdlLWY?oc=5,"Sat, 20 Jun 2026 04:00:00 GMT",Google News
AMD,Why AMD's Recent Acquisition Makes the Stock Even More Attractive - The Motley Fool,https://news.google.com/rss/articles/CBMilwFBVV95cUxOYUlkaS12bW5XVGg5S0hyVllaZmFYbGdLNFFMbzh1VU1sbFhJc0pQTWlyUnlrOXNXZ051a3VGeXNQa0gtcF9yRkRReEVKSkxuSnhQMGxXZllqYWdhMVdnNU13V2FjOUxlcTkzZFpjVkRfTVpQamlJcWdpNC12WnVDQ2d1SG8yNWx0TnlfdmxyY1p1RlFCLWtF?oc=5,"Thu, 18 Jun 2026 09:34:00 GMT",Google News
AMD,AMD (AMD) Buys MEXT And Teams With Rackspace For Enterprise AI Infrastructure - simplywall.st,https://news.google.com/rss/articles/CBMi3wFBVV95cUxObm41UUVwTFpJUV9iSk5PSzExbXdsdzVhN0Zvc0xBTzBSY0lKZFVZUVVYeVF1RERRWlVfcUZMcGliUlZ1VlI1cjVGYl9CVEgxUDBBWjhmXzB4TU5zLTBTR1M0NFg0cHlhUUFTM2VkX0gxNXAxb3pqNFBWby10amNqNDVmVEJjUERMS2pvOHBTYjdOWEcxM19sY0hOTV9CVmlMN19yWXlnRnRieXBva2pHT3lnM2dGT3VwT3NHQVZzQTVEaHkyTXppczd6SWJza2tuS0tyLVpVLXcyXzZJYi040gHkAUFVX3lxTFB1WG15emFNSnJVNGN2RHZkRzhqcmhxeFR4UU9pV3B4SFdSR0J6bHM3VldNZi16SUZDdEJBOEpOckhnYWw5Nm1DUTBzMWhQOGJpT2l3VDV6U29iVUJ2LUR1RmJFQ3FKUEU2UF9YbmN3Q0pHOGxxbkpfS1lFZUpPaF8tZFFQT0dxU3J6LUM5aFZ2bE9wakFsYjRyV3gyTW5QaEltMS1CNGpWdXl6bm43dFVSYzE5MXVDQV9UbFdKSWhsY0xqcmRqRG9Sa2JxQmhPVFpLRHJWZGdmWER2Q0JGNU1oY0JveQ?oc=5,"Thu, 18 Jun 2026 19:33:21 GMT",Google News
AMD,AMD Stock Upgraded To Buy On GPU Upside - Investor's Business Daily,https://news.google.com/rss/articles/CBMiigFBVV95cUxNWXNSdDF2VnlDbHJzYkVpNVdtOURpbmF4cWp3Z1VkNERSSjRyYVI5QkY0NHpJUzRlbDlFWHNWS212WlhreGktZElTWUFpWE5iMmJ4b0JWakQyMlhuUEVHLUY2bU5pT0NjeDhrNWxkcFFjaDJuOXZlZkFYNHlnRGZ5VHlDaFdUQ3R6X3c?oc=5,"Fri, 12 Jun 2026 20:20:00 GMT",Google News
AMD,AMD's Lemonade AI Server Now Much More Useful With MCP Server Integration - Phoronix,https://news.google.com/rss/articles/CBMiZ0FVX3lxTE10aVhPWmw4NmRDYmpwdFdEdExsZGxxSDYtWVZTeGtUV1p5d3ZxU2J2N0xianpTcGlPZEI1cmlRZ0habnNIWEh2LWtJdUdzQ29OUFIxQzUzUVpNN1ExalYzUmhaaUZkMlE?oc=5,"Wed, 17 Jun 2026 19:43:00 GMT",Google News
AMD,81920 Cores Per Rack with AMD EPYC Venice at HPE Discover 2026 - ServeTheHome,https://news.google.com/rss/articles/CBMilwFBVV95cUxQTXpVZXJ2S3VrM2NBZEFYQmdEZDZETkFwYTdVUWI1STViUTVGaERYLU5BalEzNEtJc0VETlZPaF96VEVjQ0ZCODU2bHFaVGIzQnhvaVVzQ25ib3hVdXhFU2M0dklHMkMxMDJOTlY5dWVKbTh3WTZFRm9oYnlVODlPNWhzMkxXdzJFWkpSaFl5RkNoSnZWR2lB?oc=5,"Thu, 18 Jun 2026 01:48:19 GMT",Google News
AMD,Rackspace Technology (RXT) Hits 4-Year High on AMD Compute Deal - Yahoo Finance,https://news.google.com/rss/articles/CBMimwFBVV95cUxNa3JTeVZpN29wbFZHeGhXeTluQjk1T2xXajAtTmRLd2R4bXhEN0p3Rm5wOXNVc1AwN2FuOVR4aExyQVRzeWhCWmlFUUhzb1VoaEVfRlBUcnNJR1EwSEVMc0J4aV9DYlNyRnVQLWNjTHFjR0FvWDVfVG1VcHhCZHl4TlZSTDJGWURIVTV6bEIwMWNadUR1N09EVDJObw?oc=5,"Thu, 18 Jun 2026 00:05:00 GMT",Google News
AMD,AMD acquires MEXT to add predictive memory optimization to its AI stack - Network World,https://news.google.com/rss/articles/CBMivgFBVV95cUxORXNSa1lZZTVNbDNXVGl4MHlhMW5vQXp3emxrR0F6VDlwUVVBd09HaVJoSXdmUnRqTUppbWE4Z25RX0s4SktEaF9RVUY0Q2tIYVQwbXJOeVVtUDV4dFpBbm5McXJzSmxFc25sLXBwSjhZQTBaRUlQeDE1ekV5ZDY5TTV2MGE3TWN6SllZWWFDZndTamFqWnphOF9aYzhhRUFCdHVaZWEtVF94b0Nmckt3TzFsUEZtdHJwWDJ2UzZR?oc=5,"Wed, 17 Jun 2026 12:28:51 GMT",Google News
AMD,"Supermicro Expands Rack-Scale AI Leadership with AMD Helios Platform, Accelerating Deployment and Operational Efficiency - Supermicro",https://news.google.com/rss/articles/CBMijgJBVV95cUxOazRqUVRJMGo0Y2ttb2NQY1ZPTHBJa0I3cEk5QjhmV2tVMnVyRzJHaVN3STFNd3dTNlJ6R3RZS1k5bTV0WVI5UGhBRmZmQlVvQnl4d3hrWG0zc3Q3NWt1T0kyTUo3OGxoVWVvWjFjd21EWVkzbjg0aHduVG1sWGpyZG9XVzAtVjcwZkVuUGc0MHFyQlk0b3pqR3ZOc0tSR1VSbTlLSVl1bGhibG5Xa2xWVTJneEd2U2dfei1UcXFKb1hyNzJaQ3RZX096TlhaZVQzbUhZRzRYajNYUnhSa3VtQk9pYS1tLXBDOFVZcXRZbjVqUkwzYmZwMWZNdjhOaWxzdWE4RGNxbWhycXdVbXc?oc=5,"Tue, 02 Jun 2026 07:00:00 GMT",Google News
AMD,AMD analyst sees something beyond Nvidia’s shadow - thestreet.com,https://news.google.com/rss/articles/CBMinAFBVV95cUxNRmt0YmZuMUxvZFpROXJxbXMwTUkxNnhfTHdfaWhLTk92RmFOV1dMVWJoaTBRQ2Q3NFc2RDNTU3BSV0FPMmswdWZETHFVNDZIMGdvMU5QWGV4c19uQ0RMX1BYYmxuRVZ1Q0NyeU9kYlp4c1M4b3BFNzFuYnJkVTdCTk94dlI1SU9Bd0hqTE9LSlNKZG01ZzZpSVEyY2k?oc=5,"Thu, 18 Jun 2026 22:37:59 GMT",Google News
AMD,"AMD Is Up 149% Year to Date. Is the AI Chip Rally Getting Dangerously Crowded, or Is There Still Room to Run? - Yahoo Finance",https://news.google.com/rss/articles/CBMijgFBVV95cUxOU216UHY0Ti03TmdDVWNueVVSUklZbm1xeHZZV1ZHSDd1eHZaX2Q2eFVVenZvV2JGcU54S2NlUWxPdEZMVzRNOXhaMXdHaWZFWXZKVjBLVVdlQU5zZ0YxejV5Z3N5MDFZQjJYLXdJLUtkc3lSSDROUUdSNjFfaFVCbmZhX3A3Ri1JcUc5TGhR?oc=5,"Wed, 17 Jun 2026 15:53:00 GMT",Google News
AMD,AMD Reportedly Plots Another 10-15% RX 9000 Price Hike As The RAMpocalypse Swallows The GPU Market - Wccftech,https://news.google.com/rss/articles/CBMiuwFBVV95cUxQOFBJMWczcl9RWk00SlY2d28tNFNxUi1MRVpyM2VRWEoyV05XbDdlUlhaWURJOWYwRUpQdEJLeF9QZkR5Y0M3THdvMVZLRkE5ZzNSUnFxT0Q4YmlyenV3Z2lYN0FTSms4VHJzeHdfNlp3Y2ZrZWdRNVQ2clBqMlNNRlpvUUdweFZ3S0ZJbzRqelRhV3VTVHQzSExFZjd2ZGhvOElBWkpjam1TT21Ba3VkYkhBYXRQUTlZdWIw0gHAAUFVX3lxTFBncHVSd0tMUHQxQ0xiWkVpYWh6YmpfUDVtQWM5ZlViVlgtZTI4MnRxWUtKbkpNOGdDVmNHaUhiaEN0Q3M3bldvWTV4RHNYbDlEclpjOV8xZm9zdDBtY19GcjJoNG9NX053eDN0MGdpYV9LOVVyNTZMU3hxVER6RmhXVDVIZ01qY2ZkbVdXaHJrVndlODVMRjlVSjNzek1UZ3hPck9tMzJucUlqbnpJbFRJb2NlWHFKdXZzOEtRWWJUSg?oc=5,"Fri, 19 Jun 2026 18:16:00 GMT",Google News
AMD,AMD Zen 6 desktop CPUs may ditch integrated graphics for a built-in NPU - TechSpot,https://news.google.com/rss/articles/CBMijgFBVV95cUxOaWdqR3k0NGRYdXZBSXhuT1JjSHVQMkxWdnZtMTliblVhcVJVZWlhTUVHZ2s5dHg0bnpuQ3NKcU1CQ3RLbU9pa20zczV4V0F0SXR6emttZTVMVml0cnRYZmplME1SalJoaEx1T2t5NjZ4UE1pbFZMekVobHh3Q1QyOVBkbm1NZ0Z4X2VUNDR3?oc=5,"Tue, 16 Jun 2026 22:21:00 GMT",Google News
AMD,Here’s Our AMD Price Target as Top-Ranked Analyst Upgrades Stock - TheStreet Pro,https://news.google.com/rss/articles/CBMiowFBVV95cUxQd3FwbldHZFU0c3FWM3N1UEpSOHJDendFbEJXaC1RRnBSTVR5dTNNR1dHSGZfOGozdjYxakVLTFZicGJqb092M1hZZjVsSnRrLWJyVExwcEdtMmpIRWVpYUloV2hsbExOSjFuWUdUajJicENpaEVPMUJsT3BqMFdPQjQ2MktYWEJxZEVjWFQ5TVFnR0Z6WTZSNF8tY2F6SFVnQUFJ?oc=5,"Fri, 12 Jun 2026 15:15:00 GMT",Google News
AMD,"Move Over Marvell, Here Are the Next 2 $1 Trillion Semiconductor Stocks - The Globe and Mail",https://news.google.com/rss/articles/CBMi6AFBVV95cUxOV2pIUG9EWWpTalVhSF9MN0J2QXRucWF6WG56Qjk3blRneTRGNDY5QXMtakRkMUt6THRtYkU0dU9WYW1SVTdmZTE2RHJJWmdicEFnek9rcUVtM01VRjhrNmZneDdfS1JZZnhVNzlwS2prWEJSRDh5S2NzTkVBSGMxSllnUkJSUnlwUnA1NVczelo1QTQ5Njd4WHN6eU05V3FyR25zaGhTUUMtTk1CQkFmWk5nLXRoYkpqbmlic0ZkZkhHR19kSjdpQVdFOFI1WUR5WjdWaVdPWVBWdFBtUG5KcUR5TWRnWmM2?oc=5,"Sat, 20 Jun 2026 11:10:49 GMT",Google News
AMD,Rackspace Technology (RXT) Is Up 42.5% After Cost-Cutting To Fund AMD-Powered AI Expansion - Yahoo Finance,https://news.google.com/rss/articles/CBMimAFBVV95cUxOSlQ2enhzMjNvbjVLN0RaSzFyTkQwaVFKM1hvaUFFUGQyZDR0Uy0yVm94ZkZuY1R4cXN2YkpIWjM3aUZuVkx2ZnA0NzFvZHdqaWc4V3NtSXlSWkRsemZLbnZwNHp1b1ZUc2JaMDg1TTM3dnpBRTF2SVhoc0pWSWRQTEI3WGhzY0dNbkhvUFVJRDN6WHFxTmtxTQ?oc=5,"Thu, 18 Jun 2026 05:10:00 GMT",Google News
AMD,"OQC, JPMorganChase and AMD Commence Research Collaboration to Develop New Quantum-AI Platform in London - AMD",https://news.google.com/rss/articles/CBMitwFBVV95cUxOTDJnMDdxLVNZV0tFaVdiaUVXWVJHTDFjdFF6N1I5TDJPbVlrTUloZ3BVb0tRRk5uVVhISWt4UkVFTHRwcXg2c1dhcnRCeVBLNGZMX3N6clNudnV0YURITUtucnVadVcwWDRybzZUX1VRTmgwNWRlNDRnbEtVdmZ5Y2dOeUQ4OGdlMWZUa0hydzNJN1dYZGcyMW1abWhhckhBUklsemVTTWxQX0NEaEE3XzJWV0w2Z28?oc=5,"Wed, 03 Jun 2026 07:00:00 GMT",Google News
AMD,Citi Upgrades AMD Stock to ‘Buy’ on Massive Meta GPU Sales Potential - Barchart.com,https://news.google.com/rss/articles/CBMirwFBVV95cUxOUnIyXzdpM1Y0NlVzU1cxbTN6QzRYNXQzVjY3MVZuNWl3T1Y4Q2kwUjY0aEVhenY2Ukt6RUxXYTd3QkFwejZxZ1pQcGFPVHNNRmwyWUJWNWZVdC1LWHhwS2xjVUhTRXBrZkI1S2preDFkVl9aLXFDOVJWMGJ2WjREX09RMlhmbVVheGhKZnFhUWFpVnV2SDJNTzdkeDFJc0pFVnNkTGNRQ01HTC03RWd3?oc=5,"Wed, 17 Jun 2026 16:39:20 GMT",Google News
AMD,AMD FPGAs Power ModRetro M64 Retro Gaming Revival - AMD,https://news.google.com/rss/articles/CBMikgFBVV95cUxOZkdkdktkTUw3VVB1M0tIREVpdG9UdVduM3k3TzlrdGJGVnViM2VaenhEZERVM2V5T3hKSWNGaTdlTzBVaEpkd0ZleVhkbFROMXpZWlJPYnc4c1piNlN2Z24wbHdFbnJCU3lQdVpQcXRTQTJrQ2JwV3k4TWZ2QWxqYmxldVhWSndJOTduWG9WMHZVQQ?oc=5,"Mon, 01 Jun 2026 07:00:00 GMT",Google News
AMD,Nvidia vs AMD: The Better AI Stock Is A Better Buy This June - Yahoo Finance,https://news.google.com/rss/articles/CBMikgFBVV95cUxNVG92aklMUkoyUThISTRyTUNjVzdqTDEtOTFhZVptdXpwZE5UVjJ5NnRSbDRkOFM0VzRHajZoRXdxaFRKZGxidTllcWZvYjBkYXJRcGdXVVFwM1l6RGU3bkIweDBHMnFyUUlaZjR1MXdYc0VlRkRnSnVwaDNqSVp0MEtNX0JJRVYtUkxJeFRiU1dEZw?oc=5,"Fri, 12 Jun 2026 16:53:02 GMT",Google News
AMD,Advanced Micro Devices (AMD): The Best Debt-Free American Stock to Invest In - Yahoo Finance,https://news.google.com/rss/articles/CBMinAFBVV95cUxQOEhpVk5KbExiSDlNbHBwMjNqTG5IU3R4MU5iUzVOclFzMFdmWTViQXZwOE45M1hSQ204WjR5eGV4SVlLYlNUelVlUVJsVHd5NXgzMTVENzBwNjN5eHFHUW9XUkMyV1ZiejhVdTltNERYc0l5dTloYlBHdFVXa3piQ1FyUVdtcXJlTWpSZmQ5Q0I0UEVBNERqR1F0SWg?oc=5,"Wed, 17 Jun 2026 17:36:36 GMT",Google News
AMD,Why Is AMD Stock Gaining Thursday? - Benzinga,https://news.google.com/rss/articles/CBMijwFBVV95cUxNNmJucnFGZ2tuc2RQaUZEUnVzOXZxVG1VM1hFeVdSWUpVNEsyRFlQX1RZQ1JQOFc0N25TMmQ1MkFQQ3ZIa0hKWmJ1SF93SFVSajZGZl9LQUVBb0JyUVQ5b2FBbjVzdG01WG5LNHktZ3l5MnQyRE9RUEV1ZS1mT1FESnhQTjNSVVRjTW4tQlFHWQ?oc=5,"Thu, 18 Jun 2026 10:28:13 GMT",Google News
AMD,"AMD to bring back ""TSME"" memory encryption on Ryzen 9000 non-PRO CPUs after backlash - VideoCardz.com",https://news.google.com/rss/articles/CBMirwFBVV95cUxPbnJITlRiLXpNM3lLY2s3R242ZFVOaDdYZVBaaUxrN001U2RLc0U4bm5fLUpCbTZXRkZEWWhLMlBWX3gwYlZmT3dWQi1oZEpGU010aXNjTEo3QjYtam1Fc2owMU1GZEhmc1hQdG1FbHhQa3Y1czRqMUFpaGNEeTd3QmM5U19TcmthRWVQOFVxUUZEOGlFaGtySnVFbEh1c3N2eWZoZkNxMVhWdzE3ZkZv?oc=5,"Sat, 20 Jun 2026 10:13:12 GMT",Google News
AMD,Review: AMD’s Radeon RX 9070 GRE is a disappointing way to spend $549 - Ars Technica,https://news.google.com/rss/articles/CBMitwFBVV95cUxQb1Y5UUVia3hEZVNwOUxKbHdPdlJ4ZndOMWhWcEdYRGRJNVhxdEhHWDJFbXlnUlpKNzZ1eEhZNnlJM09kUjZIZ1Z6amdiU01jcWNqLThKanZ2SEVOdEdudm45OVZGaVc1cERocVQ4cVhhSlBjbnpDcWlSZ2NfbVUybGhrb0hqd2w5TGhLSHRDUGFUMlhLNGRxc254UnpEdVZZN01MeVN5ZlBldVpHZzlRN3NveDd1OGs?oc=5,"Fri, 05 Jun 2026 07:00:00 GMT",Google News
AMD,"US-Iran Peace Deal Sends Markets Surging, AMD, INTC and NVDA Lead Gains - foreignpolicyjournal.com",https://news.google.com/rss/articles/CBMiugFBVV95cUxOWE5VUlFvYW5MY0lsMWV6RzFiQUFoNmducTBacjlXc05fYnplUE03LTJfNmNicWdMcExObExVNjhZS3NtZnFwQkoySG9mTjJYM0N0SnV6THN4OVBwd1RRS0xTUXBhc1ZnVE1fd3RoS3NPalV2WGlTRVdNVm1yREZJZHBuMHI4b0YxVU0tOWJSREhmcDktWUkxdU9fRWtyTGl6d05JTjkzWkhxVVZsQlBBQUdEYm1KcnN3anc?oc=5,"Fri, 19 Jun 2026 17:52:07 GMT",Google News
AMD,Rackspace Shares Jump 30% After Securing AMD-Powered AI Infrastructure Agreement (RXT) - Yahoo Finance,https://news.google.com/rss/articles/CBMingFBVV95cUxORy1BcTU5UlhEZ05SY1NwSHZCV2k5Slg4X3BfMW9xdDZqSGV2cWp1bEE4enlUX2xTa0U3RzFXS3VxeVYyVlQ0YnNSRmRkakNJcFRyXzl3M0JjV1dXWGdOaU83eGZ1d0dhN2d1YlVyZU5ESHcxSzBZTTJtTzZHVmpqNUE3TmlFbkpPbDNYUTczd2xUVTZWRUpoa251dEFfdw?oc=5,"Tue, 16 Jun 2026 12:10:06 GMT",Google News
AMD,AMD Axes Memory Encryption Protections on Ryzen CPUs Without Warning - PCMag,https://news.google.com/rss/articles/CBMimwFBVV95cUxNOUNPLU5iNGwzNzlJRWVRM3Fpa1k3NnFrVHVTMVh4bUhhbFVOUkRESFRlVUpYOEhZT3djOGJkS1dULXpac1F0WnlTRllFelV0UkVDNFZMVEwwNUYtOTZhQkFtaFNaYXBJY2Z1cE5hbzFwSlhuYnVSVVY4Z1RXNVRHRHVYZm55TVBtS25kckF3SW1wVXByTGFrcERjdw?oc=5,"Thu, 18 Jun 2026 21:56:08 GMT",Google News
AMD,AMD Just Made A Memory Move (NASDAQ:AMD) - Seeking Alpha,https://news.google.com/rss/articles/CBMid0FVX3lxTE5MRlJ0TzAxZDBHZzJXVEgtZXhWRW1sSEVMcTBIa2tnbFpqYklYSWJnbWMtM2Y1c1NHcFY0ZkFOOTVpVFZKWk1TMXRQdHNLMGpvdmxTeDhJNWdLSndPWGNJQ2hMaWxIVTJ4YkVQdkdMbGVMYnlZeHhR?oc=5,"Tue, 16 Jun 2026 13:50:00 GMT",Google News
AMD,"INTC, ARM, AMD Stocks Gain Today — Bernstein Supercharges AI Chip Bull Case - Stocktwits",https://news.google.com/rss/articles/CBMivwFBVV95cUxQaUxRNnNERjRrVXZYYkZIYm9rbFlzY2V4RThNcWRsOTByM2JiQnNnaW1UVVhScVhSUzR2b0t2a1BBR0o2X0p2d2c4QnhYcWZ2aTl2Y19Kb0xHLWVaTGJEWHBDZDJkVl9jVXNlVmNEek9wT3RtRUtnOW1ZLVNadTVGclhveDR5ck5kVzJWLU1PaFVVOEVoeUxHM0hBUkZSQmQxWlYwLU05dF83U3JCaTJhUmFzUmMwNHh1SU8xSkhUTQ?oc=5,"Wed, 17 Jun 2026 17:13:04 GMT",Google News
AMD,AMD and Rackspace Team Up on a 30 MW AI Compute Agreement. This Could Be a Win for Both Stocks. - Barchart.com,https://news.google.com/rss/articles/CBMi0wFBVV95cUxPaDFtUFh3U2FNaVhzcEgxUzZKS0t1Qk11b3JBNXRoU19tN1RFMEU4XzRGckZmYjN2SUNvWllkZFdsbFpFLTJZQUdLeFRJendsRWY4TWdCVy12MndQWTA3dmVTbVhjazgxZ1pNRVh0OE0xSjU0eEFOclRONFU5Nm5fU296ZFQ3bVFmT1ZjMWtpNXNyN2hDWWFVRnJtZ1lHRWNFR0FGSWEwaVdCVS16SHdwUXJVeEw3Sk1pYlhUYlJXRms1X3haYVlNZVlXRXBFUjMwRXNJ?oc=5,"Thu, 18 Jun 2026 14:16:08 GMT",Google News
Intel,Trump Announces Intel-Apple Partnership - WSJ,https://news.google.com/rss/articles/CBMiggFBVV95cUxPd1B4Rjk1MzFMTkxyTUp0MzZNTVkyZnJGWGVHanVXOUx3ZFlRc2w5TlNjdi1Jd1FHcTVDanRkS0kwVDJyRWRIX3JSVnU3U2NXZ0NHZEowUjZxRE1OWjdSa0lZMG1ycUlXZHpUTUR0UVcxNEIzVzR4dEJRd3ZVeVUyOW93?oc=5,"Sat, 20 Jun 2026 12:16:56 GMT",Google News
Intel,Why Intel Hired the Former CEO of Micron’s Big Rival SK Hynix - Barron's,https://news.google.com/rss/articles/CBMigAFBVV95cUxOTjJBNWNPOGVIV2JuX2Z0X2s1VWhaUHdqUDgzcHVuX0x2N1R1a2Q3TFhUdm9kWFQyTE1PRVZ5ZkZNUVZTNHN5ZUFQa011OWdmRDctR0c0WXcxZk5tZDBWdDhSa0t4emdlaGJKYmFwcUZZdS1KMzBBejg3eXo1REhtTw?oc=5,"Fri, 19 Jun 2026 14:17:00 GMT",Google News
Intel,"Trump’s new acting intel chief Bill Pulte arrives early, eyes firing hundreds - CNN",https://news.google.com/rss/articles/CBMigAFBVV95cUxQc0ctcWdpdlhmZGJJcERnT3Y4bGRxdUg1YzJFdHN2bVBEUEJnNnNiMmd6SXVzWW5oeDdhZEpKek02Mm1aY3dBY2g3cWhVd25OMndDQ0dSeWFzUWg5alZORjVPNEM5Q1BvMDJubmc4TDlyUnB5U2h0cm9CVm9JeWxMVA?oc=5,"Fri, 19 Jun 2026 08:00:25 GMT",Google News
Intel,Pulte seeks major cuts in first day as intel chief - Politico,https://news.google.com/rss/articles/CBMiogFBVV95cUxQcVc0RmktUXRodnlMcTVVTFpKMlBsd081NFlOa2dTWE1JM2E2RzRfSnlDaWNydl9BX25yTDg4LS1Qb0ZzQW5DejBLU3llWVVLVW5GRTRWbEg2SFB5Q2lzdkt0VGFab0NUWGpYMkk3Zi1Ucy1WLWU0WFRXRUNZNXJ4LUpGQmszb3FRQV91WjMyelpCdHN1VV9vSGk3cW1VRlJhQlE?oc=5,"Fri, 19 Jun 2026 16:47:37 GMT",Google News
Intel,"Intel surge on Apple news helps prove company is a ‘real tech player,’ says Deepwater’s Gene Munster - CNBC",https://news.google.com/rss/articles/CBMi2gFBVV95cUxPNW16a1dsTllJenYtWlpRZGZoMDF3Zm9Za2x6UUkzeXJ5UVhSd2Q3V2V3b1BjTkVPRTBZUWVQa3pmWm1ueHkxbFFKOFBiYzlpTEZNSFlKeU9qTW1sa3N6dVUxR3Qzc29CdThkNlV2cXN0VDlCSVJZQ01MVTdKekNpSm41a1V1ai13UDdfNVo5UDVUWU5qYnYxdGtxdldTZGN6bm5CcVFVc05qZ3pZV1A0YWJiZlQ0Q0VmU0ZSU1dFak16dzdMVzRSX3JHZlJza241dkhmdDN2WERIdw?oc=5,"Thu, 18 Jun 2026 21:39:00 GMT",Google News
Intel,"Big 12 post-spring insider intel: QB updates, a 5-star's resurgence, breakout players and more - CBS Sports",https://news.google.com/rss/articles/CBMioAFBVV95cUxQXzJ1R2RDeXZBLUYxRjgzZE5iZEl4ZDNOTUNyYzdMNGQ2MmQzMXVmakJpdXA3NnRpTkhOMHJCYmlxTkhubk9QcWg4YU1rMFp1WnppQVRDNkZvUUZWdXJBZlpKWjV1czRqVWs5WXFzNVJlcklxYnZaUW9hRDNyZ1dLcVU5a2RSVjFNV3gtR1l1RU01R0tjbUZxZ0VYLXNFRC10?oc=5,"Fri, 19 Jun 2026 13:47:25 GMT",Google News
Intel,Intel Announces Leadership Appointment at Intel Foundry to Accelerate Development and Manufacturing - Intel Newsroom,https://news.google.com/rss/articles/CBMi0gFBVV95cUxPREJTbGE5N1BUYV9xUEpxa2IyMUdMWktLakJOdnBBWEFLTFREcHhKVXhRRHVfaDhub1pOVkFucVRobHJmbVhQLVp5dkozUlFTSE1YZk5IejBxWk0xSDZ5R2xuV3JMNjBNUGFycXpPeVFkdkV3MTdBQ0hIb0dIalFOb2h5b2R6dk5USVIwem1RekpnT3gwbkxpYXZPaEkwWFMxbzVNa3Jvc0MzM216SHZCNENrN0hSU3A1UER4TVJuMkhDRmhxVXFqaVJkdHRxZG1zSkE?oc=5,"Fri, 19 Jun 2026 03:52:17 GMT",Google News
Intel,US intel reportedly says Netanyahu’s actions in Lebanon expected to undermine Iran deal - The Times of Israel,https://news.google.com/rss/articles/CBMizAFBVV95cUxOb1FmYl9OckZhOGU1M3BPdjBUcUZ0aC1pREJacEZ4RERDMUFzX0VvU2xVSTlSNTNIbE1ONzk5QmxkQlBZUVFQc3dyVW1XUDN2Tk40WWlFN1VhSmNmVEhRSDlQWUlRWWxhSU5Qc3EyX3NiUXFvcHVxM3Q5eE1DNkNPQW9CVF9qMUxvT0ltX2N5Z0IwVVo5RDFQY0FNWFZsemU1R0Z1bE0yRDBYX0UzTWd3VzlRTE9mWWlvZjd0dFN2YmN5M2g0S2stTGk1dkk?oc=5,"Fri, 19 Jun 2026 17:08:00 GMT",Google News
Intel,Senate postpones confirmation hearing for intel chief after Trump's call to delay - NPR,https://news.google.com/rss/articles/CBMisAFBVV95cUxNRXJUQnVNWUVuVTFDN241RnhPTkdLVUZmUFdDcDQzTEhkbXQwWnZ1QTJuYjdrWW41YWNNTDFIQVdDVUdORVBDdG4xNk5UNC1RSEdUZTF6Q1V4eTN2aWtVZ3NyMHJ6SjhIZDBGQ21yWWw0S1h0THNROFdJVDVwcnNFT3lZMW1vRGM5N0R2WmdJaUZTT1czUGNnTHhsMGlNLWhmNTI1Ykd5TkxIb0JqazNQOA?oc=5,"Wed, 17 Jun 2026 11:18:03 GMT",Google News
Intel,"Apple to Buy Computer Chips From Intel, Trump Says - The New York Times",https://news.google.com/rss/articles/CBMif0FVX3lxTE1jZWpDbTdNTGNZTTlvNXBHTGVPQWhFY2ZEWFUtaHA2aXNYTGt2SDIwUDlrN0c0MDJtS0JUaExmdDBYRW95SUZzSWVZUU9pMFVRTW11TVhWb01fY3JacWRZcHJHLXdxTEl2akJaZXJGQWpHbkczNHFvWjQzLTJxTDQ?oc=5,"Thu, 18 Jun 2026 16:02:54 GMT",Google News
Intel,Intel gains 10% after Trump says company will partner with Apple on U.S. chip design - CNBC,https://news.google.com/rss/articles/CBMie0FVX3lxTE9EYlA1MHNsNk83YllqeGQ4NjVjajZXSnpUdHRUcU1OaTZoM1hXUGZhb2ktT3BFUHBVTmEtOFowaUw3Qk9LWHJPeGdJWmRrWXV0YXBYaERka3kwMzlGTVAteFA4X1BQSlFKNy13QjZWb2h1UTU2azhmT3VPMNIBgAFBVV95cUxNajJvNDlLalFrd0RUcldYN0tHVUZlOEJfX1Q4bGZ3M004S2ktUGY5dmFFd0Q3R1Q2djBzN1NvQWJSSksxYWVjTV9NdW44U2ttTFU4NzRZNzFCSHBWWlB2VXowcGt0dlFWbXM1bkhwTjRFY2l1Qm1HVHFDU0dEUTczcg?oc=5,"Thu, 18 Jun 2026 08:45:04 GMT",Google News
Intel,Better Buy: AMD vs. Intel After Intel's Monster Run - Yahoo Finance,https://news.google.com/rss/articles/CBMikgFBVV95cUxNeVR6NW1aeS1wWThsWVZDNzBoOGtwZ2s0SWl3NnAySXRYTzhTdWtaUTR1cHQxSDhzbUlpWGx4M2R4a2ZDLVJYQ091Q0FfTUs5dVVrN3NpY1B5WlZha2FNSURybHpsaVllWE9qOHJrSlZlUnltWi1JeFNPOUlHNFY0SVBVUWdILVVBamZCWlJvNGdHdw?oc=5,"Fri, 19 Jun 2026 23:03:00 GMT",Google News
Intel,"Trump claims Apple has agreed to buy chips from Intel, boosting its stock - SiliconANGLE",https://news.google.com/rss/articles/CBMikgFBVV95cUxPeFQtSU9qYUE0SVBwR1dzTVFPMlJ3UXowckxoVzEzR0oyME5UQl9lR0U2bVVycHFTdTRKU1UwQUtYUEpwZm9ybWE2R3Z3Mjgwd20tUEdzaU45T0V5OV9BaXBXRDhCMFNVRms3MU1PRXZDdllXUDVfUTF3Vk1raFVqbDIwaGlkcTh4R3M0WkdsQWk3QQ?oc=5,"Thu, 18 Jun 2026 23:36:07 GMT",Google News
Intel,"Trump says Apple to partner with Intel on US chip design, production - Reuters",https://news.google.com/rss/articles/CBMinwFBVV95cUxQUnN4Ym4xVHp1d21VWFd5dFFMRWd6OGQ3MFRYT1NjMUVqYk13NGFydVJwU3BCTGZjRzdKQ3RMd2kzSVZOZW52X1hRM1BQQ3N0VUpfeTh2aHhvSjZJSTFSX3UzUnpfZ2hVMzRwWmxJcVAxQU1saXV5ZXJjdk94OGE2YnhtQndZWEFEQkdiUnFMSURWcjBwWXlWY1ZfYWZENWM?oc=5,"Thu, 18 Jun 2026 22:43:34 GMT",Google News
Intel,Intel shares leap after Trump says it's working with Apple to make chips in the U.S. - CBS News,https://news.google.com/rss/articles/CBMif0FVX3lxTFAxZ2FqQWNWOEE2bjBXY1VnazVBMWFLamR4WTNtLWRnZ2htV3IwWngtdm1IMmpOS0I3ZU53d3ZMWHZaRlI5QTV5VTg2S1hZWVgtYWZlZ0Q3WEx0T0pZY0ExR0Rhc3J5WWtCOVJIOTZycC1lMndIYURrSFhvcklKeUU?oc=5,"Thu, 18 Jun 2026 14:02:00 GMT",Google News
Intel,Tim Cook says iPhone prices will rise. Trump says Apple will make US chips with Intel - CNN,https://news.google.com/rss/articles/CBMidkFVX3lxTE9YUGwzcWQwVmYzYVgwQm1FN1hGSWVTOG5nZGFGVFBfSUdyT0dLMThoVnRoeXVfc0g3OUVtbVBDY2kzeDdLVU5TYWNnMEctdW5zYU5SeUxBUG9FbFhkSzRXdW5tSG5sTm1fNHhWcW9LUUUtb1FGZFE?oc=5,"Thu, 18 Jun 2026 12:11:10 GMT",Google News
Intel,"Apple, Intel, and Washington's New Investment Strategy - Dr. Robert Castellano's Semiconductor Deep Dive Newsletter",https://news.google.com/rss/articles/CBMijAFBVV95cUxOaEwycGxSR24ySDNpQ3pHQ1FjQ2dGRU1TSWF2YzVDMFh4R1lrTHUydzBSQkQxRks4Q2FEMlYxZ3lIVXNqWWVGLTc2QmlNa3JLaE1jd1RGXzJ4ajB6SkhXcVJ6V3Y5bUk0NHlZOV9IR2xJbFFjSFVGWmlTazJmcWVabXFTQnVQLUJWcUtIQw?oc=5,"Sat, 20 Jun 2026 01:39:45 GMT",Google News
Intel,"Intel has a deal to make chips for Apple, Trump says; shares jump - OregonLive.com",https://news.google.com/rss/articles/CBMiugFBVV95cUxPaWpEakNwQ3lHSlBkMWlwbHprUnRLdTNJNUpsNEl1N0xBazR2U1ZDSjFadE1DQ25TUE5ad1Y4QldmOERxMEpqWXZ4RFRDb2lEY0V5V203dGtZdV9POWNlWGV1LWw2VWcxYUxXZHRQMFExRjd4VXZ2M0J1S3luVjgyeFNrNXBaMVMzcEtkemN5WXhrOEJCMXNkUHJETl8zdlREdE9hdHlvTFNmcUNBQUZBVUhkcC1uZkc1Q1E?oc=5,"Thu, 18 Jun 2026 13:05:00 GMT",Google News
Intel,Intel Foundry Details Process Milestones and Future Innovation at VLSI Symposium - Intel Newsroom,https://news.google.com/rss/articles/CBMiuAFBVV95cUxQTno1WXFqX21ncXdfUlpUZUlDeG05dHR3cGVLZnZ6b2NaTFhlb3FHOTh4aFd6dTNUbXVNRXpFem96NC1CbmNfVVlzZ3hoWW95SXJSaV9US05qaF9XTUVwV1JES1hqVmg0YmIwTjlraXgxYk8tS1JYdmptR18yazNfZ0FtaVdWQzRWVWFBV1Z0N3ptdFhoSU05UGZzWm5yTEY1SnJQRWFybmRpM1U3Nm5oOEliWlY0Q2VL?oc=5,"Tue, 16 Jun 2026 21:15:26 GMT",Google News
Intel,Intel Stock Rips Nearly 6% Overnight After Trump Confirms Apple Chip Manufacturing Deal - Yahoo Finance,https://news.google.com/rss/articles/CBMilAFBVV95cUxPUjVib0pSUmZpVDhpYnlRUnNQcUpDVDVpTk9KQTU5azI1MVVkNkZzMnFYbXFlMndJMExfaFFHWnRlbGJEczlxUzd4SURfYWJHWDV3NnNjcmRGT3VTM3RYVVVONVQ2Ymp3Y182MzNzMzl4OVVNejJSeEg0bmVYVWNFcGVwWVF4djlSd2lYaFI2Nm44QzNx?oc=5,"Thu, 18 Jun 2026 06:12:50 GMT",Google News
Intel,Intel Shares Surge After Trump Announces Apple Partnership - WSJ,https://news.google.com/rss/articles/CBMipgFBVV95cUxNZFJLWllMc0xIMjdEd3l2S0JqQlJ4dkM4UEo3WEtQdkQ0M0EtQngtcE5vVjNybVZFNWFVSkkwVjhkeW9vVlBxd0Y2V1l4TWhqMDdMNWh0NXFUUElIdm1UZDFWT2t4cDVVQkk5N2FEMFI2T3JKMm1sdGE5YmFYWklHdUJNY0dkMkc2OWFrYnk1bGZmc2ZXZlRubm1IWjdBblNoeTZkaHNB?oc=5,"Thu, 18 Jun 2026 13:41:00 GMT",Google News
Intel,Intel taps industry veteran Seok-Hee Lee to lead foundry packaging push - Reuters,https://news.google.com/rss/articles/CBMiswFBVV95cUxNdVE2YVJoUzhHWXpFc0NJdEMxSzJ1cjJrX01ORTAzM2l2dU1lY3U3UlZBNHNXUGxSWHA4MGlEU21yNnlPank0WXpicEQwaFVOTFp4MnlPS0kxb1k2SllYbklELUozNkFZdVk5VFFwR3BTVy12SkZUU01zbjJUaktLMlFxY1JKdm1DamNkUmxKVGpTUV9WODh5bGsxWC1NeWJ2eW5ELTN0WktzaFJIaWk5UlV6MA?oc=5,"Thu, 18 Jun 2026 22:01:43 GMT",Google News
Intel,"Intel begins production of most-advanced chip, inching closer to possible Apple deal - CNBC",https://news.google.com/rss/articles/CBMiqgFBVV95cUxNTk5Eak1oN2xPUHZMeUpPZXFCWEpXVjRtcDR1VlQtRkZDVlBzQnpCb05pSjk2d29hcjk4NFVmcUJDUmZEaXo2YWZqUVY1Q3Z4dEpURFBTRklFMm5DV0JDeVg1ZE1ZLWl2NXdVZC04VjAzeE9NOXU2RUo5aVlmam8xR21WdzNoNVVsSVNSTk4wMFBSdUV1OXhUVmpHVmdnX0lFdmVqQUVnQnZCQdIBrwFBVV95cUxQaEZaV05idXVmcEpoei1rRU9GM01WQkRRWEdmTXdkdHVpOFJhSmdYTzhEMFJhd280R3RDR3dxSnVPcFVJdEo4eDVJd2FYbnRrbDBTNHJETVpvVWFsS3EwVC1TMkQ3VWRReW1RSDI1OWpMcEZCOVdQZ3R2UFhVc0h4ZWE4MXM1b0Noc2gtdFQxX0d1d2szSkNWMGxvTVZ6SURBUXhsajJOVVFXWGI2YlpV?oc=5,"Tue, 16 Jun 2026 21:00:02 GMT",Google News
Intel,Why Intel Stock Rocketed Higher on Thursday - Yahoo Finance,https://news.google.com/rss/articles/CBMinAFBVV95cUxOZFpZUmVlaUtJcDBkMGJoOE5xNEY3NmJnODBRQzBqWVpieWRWbC1hd0lsWW5nbFoweHhNTkJaWXgxTlM4a2NDckZnZXF6RF9pRF8wQTZhU1diaTc1c2J2VUFVS253QnNKWHFVREhnNGU0RFBXOExBVUtqc2F6VXBVZk1scVVnMWVBNDJVYXlrY2xqMFFicDlwV2pfdHY?oc=5,"Thu, 18 Jun 2026 15:54:26 GMT",Google News
Intel,Intel Stock Is Soaring: Why a $150 Price Target Could Be Within Reach in 2026 - Yahoo Finance,https://news.google.com/rss/articles/CBMilwFBVV95cUxPVTBnU3lqWlFWQ3NBZ1N1RUhvV0tPWXQ4NXRmTTdCZGprNkphUGQ5bEo5SlZ5Wm5WaVl2ZVg2OVowVzNBdHZJNi1HMks3SFJaQ2xvUFROcjBET1R4MW9wVFdJbkxzWTRDaE84clBWNVVFVjIteG9UMWdqRHU4TXNTRnBYSXcxM1UxaU9qVEVwYmxBV0lNeVpV?oc=5,"Thu, 18 Jun 2026 14:29:24 GMT",Google News
Intel,Intel's new manufacturing tech enters initial production - Reuters,https://news.google.com/rss/articles/CBMipAFBVV95cUxQZFBsT3B2R3VoUnpUSHFZMHQ0T2NFejRySjhVV2RCU1czZGlSM01mZlNfZ05tZU1vN25Bb0o1N0Z3U0pJSklyMzVSRTVCSnVqM2hkVUI2czhlb0xSazJkUG9EOThTUGgtb1R5MEItUDJCS3FWSGRuaENaQm5yRkdMRUN0M3dDYUh2VUJraHV0MTlyQzFuWWdPWjNPY3diZFdaTE41RQ?oc=5,"Tue, 16 Jun 2026 21:47:04 GMT",Google News
Intel,Intel's stock levels mean investors believe its foundry business will succeed: Bernstein's Rasgon - CNBC,https://news.google.com/rss/articles/CBMi0wFBVV95cUxQTFF0ZmlXVG16ZkVEUVAwYXQ3NDRzbUI3aE1DT1RaSk9kZ1ZaV09NM3VRNEg0QXN4Q0FpYk9Sd0pUb0xnNmxfSnZFNXktZTkzTGtrM2dhOEhnZ3NWa0RHVC1mN283Z3dsd0pVLUxVREVQWnE1cmIzRnVqVWcxUGdKV1k1YklURUtqWGRRSlR5dnJEXzllYmdZYzNfbmhGWnpmQUhNX1ppTTJoTzFyYUtZMll5Sk1uVGxRaUZtcVo1d3RnOTVkd09pMGFpcXgxYkxrSjhv?oc=5,"Thu, 18 Jun 2026 18:19:00 GMT",Google News
Intel,Additional intel on Clemson Ventures and revenue streams for athletics - On3,https://news.google.com/rss/articles/CBMiuwFBVV95cUxOd2JMcXVrR0JZUExoU3JpbDRZZmRrMmsxV0FMSVlLREl3UlRsaUlQd0ozQlFVV0s3NG9BWWlHRFRtN1JJaC1zSmtPTXcxTEFMamgydVBJckhKdXQ2YjZzQ1R5aFhsemowWUhocjNaTExJdHJWUkpHUFc4R1RXVGZxZVRLVm5ua3BaZVpmVVhfQkRRYThfMzlKUmdBTDloREJvMUV0c1FLczl2alo3V1JGeFltS3VuaG5IVHdr?oc=5,"Sat, 20 Jun 2026 11:28:56 GMT",Google News
Intel,"AMD, Arm, Intel Get Price-Target Hikes On 'CPU Renaissance' - Investor's Business Daily",https://news.google.com/rss/articles/CBMikAFBVV95cUxNQUtOLUo0YWtpcFhqaXZQcm00UllGOTM4X0VoUTNneEJRQnktSXkxNENJSXM0c3ozZDNGRFRKQi1rckFLNUtXMXo5bm9IMEt4TDhiTkdvNFB2TVFVM1JIOEVnVzNFLVlqbzhVMDliVUhrVUhqOC1WSzNIcy1pOVBfWDl4blNuZm11RFYxU25rNXU?oc=5,"Wed, 17 Jun 2026 20:40:00 GMT",Google News
Intel,"The stock you want to buy is Intel, says Jim Cramer - CNBC",https://news.google.com/rss/articles/CBMimAFBVV95cUxQWXQwWTF5VWVFY2pGb3YwcEJ2VjNNM2I3VFBZQkZXZGMzbkRiTTQ4MVF2SXA0LS1lSlQyRFVWUl9CX0NSVjRWN0tYR1h3N2JzREh5ZnNHWmo0VTEycVFQWC1SQXNsSzl6WVFnMmIycG0yNWFJaTB4Z2hLbGxjcW1rUktVWXpnZUthSXlQTURhTW83eXdFbFhRZw?oc=5,"Wed, 17 Jun 2026 23:30:00 GMT",Google News
Intel,Beyond Trump Hype: Does Intel (INTC) Have Long-Term Growth Catalysts - Yahoo Finance,https://news.google.com/rss/articles/CBMimAFBVV95cUxPdkhIU08waU1UZGtwUGdfcmVfM1d0WUMzVWtZRHpKbG81Y2U4d0JobVg5R2p5dmNSYkZnM0ZCZmd3TEJ1MzMwcy1IZzNXaWVLbGlSTVlsdjJxcGVyYUdlSHljOHRiREY1OWF3SktOb1VnQjF2VzNqNS10d0wwTVJrSE9vR2FRYjd1ZHd5ZzNpUzNaQjlWdTFHZg?oc=5,"Fri, 19 Jun 2026 15:39:56 GMT",Google News
Intel,"Analyst Warns Intel Valuation ‘Doesn’t Make Sense.’ Suggests NVIDIA, AMD, Micron, and Broadcom as Alternatives. - Yahoo Finance",https://news.google.com/rss/articles/CBMiogFBVV95cUxNUWpMdEJpT21FR3FiblFsSWRFcFVvRFZpWHA4SDlaLXA1NTA4UlIwZldla0lGTlJTZDhoMTVieFVqa0h1Sjd2NktoQ1ZFNl8zaGh4VkNUOUhLUDU1ajkzREljYnZOZVhJWldGbVc2ejJaR3RFRjZOSmhqcTloYy1UYUtxOVRzY3dZY3JPMWMwU3hHemMxUW83N0xfMTM4RjNhYWc?oc=5,"Fri, 19 Jun 2026 17:36:48 GMT",Google News
Intel,Intel shares rise after Trump announces Apple partnership - Yahoo Finance,https://news.google.com/rss/articles/CBMihwFBVV95cUxQdnE1bnJzZ2RuX1dROWNYMnN3RTRxS21fNVV1Mk1XWHNmV1RpcWx4X2IzbkZYcnVVVEpYR3NIS0dxVnFHdVJzWldrekh3M0VTdVRhbHVSZ3VBM1FuTF9Cc0ZQX2s5M2ZuYlZjTjZxVHpMM2NENmxlT3dRZDhEdnJKbjZWUThHajg?oc=5,"Thu, 18 Jun 2026 18:08:35 GMT",Google News
Intel,Cramer’s Intel bet rests on one unproven number - thestreet.com,https://news.google.com/rss/articles/CBMilwFBVV95cUxNTzhLQ3pqNE5MVzQ1Um1VcUdGVDJ2SGhlSEtJWTduVW9OZ0hRdG1BMHczdXFXX0xlcURjVENBdVRJRXhEUEltclMtNUpMMDQ0UkI1TEJLNHV6dEJodDNUbHZPb0I3T2k3TDItZGZ5aFNPcWk2ejRRTmNvNDQzWFQyT3ZqcHgwR3lpQXZtTU1QUlJaRWRHcFI4?oc=5,"Fri, 19 Jun 2026 22:37:00 GMT",Google News
Intel,Trump puts Jay Clayton's nomination for intel chief on hold - CBS News,https://news.google.com/rss/articles/CBMikgFBVV95cUxNYW1LOVhrTmdGdWJMS3M1cS1hMUNaQVZ4YUFSaERFUWk5eEhUVm82dEFxMzFFSzJZMG1DWWptLTM2cW9XTWZQVkU0WmJTN2NIVmtFSDR0ODZYTTA3cGNmQkdYazh3WTFmczZUcnFkN3QwalR6a0xoR0xjbjVrUFU3Tml4dm8xNWgxOFRXOVFkdjBQUQ?oc=5,"Wed, 17 Jun 2026 09:23:00 GMT",Google News
Intel,Prediction: This Stock is Going to Plummet in The Second Half of 2026 - 24/7 Wall St.,https://news.google.com/rss/articles/CBMisgFBVV95cUxQVTZwcDBfb1RqX00tanJfNWdsNXN3ZlFXdlk5Tm44bm9aOU9HdE1DN0xReHlwWGctZFFNSWJsZjBYUHl0WDVvZDlINzZvdTEwcktsR1BrMHBJMUtTQ1E1LUhVRTZsRl8ydzZ3SXJ4YnVHTXNwY2FBTm1BYU9PeElhVy1EdmdXN1Boa29US0xlUW14T1diZHg4SHJQMXFPSWlDeFBQVkhpTWVjWHRqQTduVWJR?oc=5,"Fri, 19 Jun 2026 13:49:50 GMT",Google News
Intel,Intel hires former SK hynix chief Seok-Hee Lee to lead Intel Foundry advanced packaging — company establishing section as 'focused business with dedicated leadership' - Tom's Hardware,https://news.google.com/rss/articles/CBMiygFBVV95cUxPa0pFelY0QXhST3hWWXBkN2VzSXh5RWt6V1dHU3RBOEhscDFzNWJkZGoyOFJ3eVB5d1liYVFKVjJzamw4d0hfcHUxU3dWYjNSTzJuN05GT01pQnVRVnlNel9lX2tHYlBGNDFDemJZWTRpRll5YlhOUEZUSkxjZlNIOXR2VjRVa3c0aXZSc08tYkhYbEI2bDd4dFc3WUhnYkdvRUM1N2pnVG9HNlI2V1hsZXVGNGIzUUJkQUVWX1BoM3g0c2xaU0prWjNB?oc=5,"Fri, 19 Jun 2026 11:58:41 GMT",Google News
Intel,Why Is Intel (INTC) Stock Rocketing Higher Today - Yahoo Finance,https://news.google.com/rss/articles/CBMimwFBVV95cUxNZkJmZlJTMU5VYWdkbFNOVmFrUnJnOTNVOEV2dUJqekhHaXZsXzY4SEM0Z3BXTTFUcF8wRjZRRDJWSk56ek9CdG82UE4wLWFPM0x2WmMzbW5uaWpSSlhlOTdvblc0WGZrQ1dydG1zOUxYdkl5OTBvWDV5V285NTdhNF91VFQzeUZVWUZFY0w2VERQNHJnaGNjUWxyWQ?oc=5,"Thu, 18 Jun 2026 20:29:28 GMT",Google News
Intel,Lenovo launches new 13-inch ThinkPad globally with compact build and Intel Lunar Lake processors - Notebookcheck,https://news.google.com/rss/articles/CBMi2AFBVV95cUxQSmRraHZGNGVtbUJyTmxOYVZ3RU04WjlBRFZkSkg1aTdfRHNyYlEtcW1GcnRiVTRYLUNURjVnRFdjRkpLSWc1TEZzSlNXOC0yVnJyX1Q0dU9DSUkzNFVNYmJfbWhfMmp1Um84TGFaLTRmSzQ3eHI5bkxJX1NMQTBCcHNmNGl2REdOX2dXZjlya0VwVnFiSUM2dVJZVUNOU0l5b0NtSnBWZVZYcEdJYlNxUjFpUGpsSjdlQkZIaWIwRnZ5U1d6UHZkQU5JYUwycVU1RUpQNFBEUGs?oc=5,"Fri, 19 Jun 2026 23:59:00 GMT",Google News
Intel,Intel and AMD's new ACE CPU extensions bring an efficient AI-oriented instruction set to x86 — a new design makes matrix multiplication more power- and density-efficient - Tom's Hardware,https://news.google.com/rss/articles/CBMiuAJBVV95cUxQdHpEamZ2OThvRURzLWNfRmsyMURWckRiSHNkMXdZRzNodVQ5LS1HR05OQTNNX0x1b0FGWnJEeU4tQmxpbzVxWXdiM1IxVzJFcnZvWlVoWFNYUk04Rm55SGFuNzlNOFQzUnVCcm9PeC1DLXVDYmREdjBHNUViVFM2cXQwWWZ4TzdMeHZqcERMT3JxQXMzbWpNMTBtUXVfeGVBV0dJVE1TMGdDaTJ3UGNKRHdhSnNKWmdCYllqN2w2UnlIZlc0U0I5UjEwcW5uWGhxYktKcDB1UGNPek9la09udFQweUpOMjJuTENFTHFjaEpUNHNveXViV1hmY0R3c05uTVNaNWZQbUhrQTZUS0FCeFZhbGdtTGVhRkQ2amJBX3dnZkEyZWVFamEtajF4Vkc5bmx0SURSbTU?oc=5,"Sat, 20 Jun 2026 12:00:00 GMT",Google News
Intel,Sentell’s Intel: 4-star anchors final big weekend of UGA official visits - DawgNation,https://news.google.com/rss/articles/CBMi4gFBVV95cUxOR2I2eVFhcVlzY0VKdVhUSXFBbEVEZlRKM3FUaTFxczJsRkZfOWxORWF3cGhBUW82WFZzRkhOZEdMQTg1UkJhZ2RYTXJ5N1BwRUl4YVZHSmQyTVUxckpzenlWVl80MVpic3NJVG1nUmg5ZnZVWkh2NkNBM3JRUVdDS1ZpSzBYeDRlT2hfZmNGTG9aZ2pOTDVxYjFjb2w3aXYtZm9kNlN2dVhEcG0xZEd0RUJ5LXlNZ1BqQWR1aEFmUE5VVHlwdU1DejEzQlNBNGxJVGpEdHBrWGVzaGVPWlNJbGtR?oc=5,"Fri, 19 Jun 2026 18:25:14 GMT",Google News
Intel,Intel Rose 12% Today. Can AI Demand and Foundry Progress Support the Stock in 2026? - TIKR.com,https://news.google.com/rss/articles/CBMiqgFBVV95cUxPU3Z4Mm8tZ0prV2ZoQ0Z1WEdWTi1yMWdfTnRfSjZTVjhhdEYzYUZNYkhoRXRkOFEzMjhfTHg5RHBnT0Utd1NyUDZ3VTQ2ZHpFcm9UR2RPemZLS290T3RlTnpMSUdPNUJrS0hIVFJtVVdpcmwxdjRZWmZzeVI1c3VKX3N1SF9fVEZoQzE5bk4zSlR3LUs2SVBVazZwZlJiX3VYRmd1cGdGQ2RXQQ?oc=5,"Fri, 19 Jun 2026 20:22:38 GMT",Google News
Intel,Better Buy: AMD vs. Intel After Intel's Monster Run - AOL.com,https://news.google.com/rss/articles/CBMidkFVX3lxTE5FN1hpSWdieXVsVVNKQkI2RnNWWTJNaEpnazdCcTRGdnJiMUp2MmktbnVBVFJORzE0UV9CaDNDcDFRN1gyRExVdkdpTTJxdkNrTTBIejZPLXFfeFFSM1hEMzQ0UHpoOXpvdU5JNU5PWm54c0dqRWc?oc=5,"Sat, 20 Jun 2026 06:11:19 GMT",Google News
Intel,Intel Corporation $INTC Shares Sold by OCONNOR A Distinct Business Unit of UBS ASSET MANAGEMENT AMERICAS LLC - MarketBeat,https://news.google.com/rss/articles/CBMi_AFBVV95cUxNUUxoMjBzckFkR0pOSXppSllXSktfd1pEekdoRmdhMVdWXzdLdU9kMU40dXI3WGJSblF3OVJyMkU3SzVSanR1RncycDlWUzB3NzZSemNLdGFqQm9VTGpDY2N2dkcxTXIzQlp3RGJUQzR2Y240aGZ6cUd5MXpUbEoxSk5adXpGaTVWWTJSZWx3YmJVMW1Ca1ZTRkEteXA1QXUtalNyeFhaN1JhSzkyTjRfNHVXdzVwS1NnYkFQYV84MXMzR0pyRE5MZmlOVWVIa25CM0dDXy1tM3R1eUpDeC1jNlZ1QlZoUDRLeXZTNjFRTlowRVh4ZHFoYzZReU8?oc=5,"Sat, 20 Jun 2026 09:51:17 GMT",Google News
Intel,"Intel’s Rumored 3 Million TPU Win For Google Gets Cold Water From JPMorgan, Which Calls It A ‘Storm In A Teacup’ - Wccftech",https://news.google.com/rss/articles/CBMiygFBVV95cUxOMUpGMlpuSlMyV0xUX24yVEYwOGdCM1dSLTVnaDhTUDVHSFZmUkxuMjVjeDRrdExTVWFyamV4MUJyN21UMWwxWGxxY3lMdVpNN0RfTXdFYXFtbWo1Si05M3F0MnM2aDIyRDVhVTFHc0JqLVNRYnpTTDNUcUFJR2puZjFPbWlvZnlBZk91YklMN3hWSjhmRUxZTFhMaHA3eklyS3l6enhHSGMzbEhSSTZ6REVidGRXSGx1Tk92RzVaVmdvNVRSLWgwRnNR0gHPAUFVX3lxTE9MdklGWnV3UkthOEozZjBFaHZrVnR3bmJCdFJWeTY4NjFEbDFqRmJsWHYySDVZRHZHOTRXZnoyejAtY2dSdXJESnY2LXJ4c1UyQ0d1aHRlUEVPSUZPa05uMGs3bHVXVzdVNll5U2hFcDhiRExlU0VOQmt6enB3eGs0dmJvVVlKT2JJdFRqUkFESkUtQkxHRXJWMXFUZTk5X2RxNUdkNW5VZFFQb005U0FQUV92bDZOLTRDNEZYOGV2QlRfbXBtRDhWQkpldXQ5Yw?oc=5,"Tue, 09 Jun 2026 07:00:00 GMT",Google News
Intel,Intel shares surge 11% after Trump touts deal with Apple - Axios,https://news.google.com/rss/articles/CBMiZ0FVX3lxTE05dFU1UDZ5YVJoUHVqak85ZGNyaGktVnhndVhqSTcybkNtWk9UMTBNazhHMjdBMzUwNVlyUzlPRy1VYmNjYVJmWU8wN08wWDUta09XVUdWVXgxOEEtWTJiQmMteEE1UjA?oc=5,"Thu, 18 Jun 2026 23:56:47 GMT",Google News
Intel,"Intel Puts Agentic AI to Work with Xeon 6+, Networking, and AI Systems - Intel Newsroom",https://news.google.com/rss/articles/CBMikwFBVV95cUxOX3R5SjNPSktUV3lKRkdfbnJsekxQMjQySk5NcWVxcklwZjY1OHZ5V1RJaGs1Q3ljVk1oLUhsMHBQZWEtT2ZTYnlMeG5ycFZkVG4weFFFTGNsNWlQTXNRdDFXOWxmVlc0YnZwNzZPMENPRFpWYWpqYkswSkprQ3o2QUlDTExjcG5sWGJQUG95aFNTaG8?oc=5,"Sun, 31 May 2026 07:00:00 GMT",Google News
Intel,Intel (INTC) Appoints Seok Hee Lee To Lead Foundry Packaging Push - simplywall.st,https://news.google.com/rss/articles/CBMiygFBVV95cUxNMTlhOGFVZU9QbjNDMmhmR0I3NnVsMWcxdGJvd2djZ09vc1ZSMWFOLWdyNThMdXJSYVljWWpjVl94ZmdkTVF5a1RhcG14anNadGg4MGVISG54eWtTLWNWNmg3blNIQW1vNWtGWmRFa21PUzk4QTZTUDBRWTNpM19QQnZ3QTcyaGpzSWI4cWY1N28xYVkyQXZGa3B5Q1RNeS1LX3A1VlVwWFVoSTdrTmxJQlZLRS15bUlKSFpzbHJoMjZ6QWVoN2s0T3p30gHPAUFVX3lxTE0zX3pBM0M4QXpWWWwzX2hsdHFjWGp4ejdtUXFnLXlEdE9jY3A1SWwtU1REZmNTdTRmYjR2Um1XWGd0NWtiZUIybE5mTGY2WW5COVE5aVlWX2t0Si1kMElsdloxVVBDN0RTRVM5UUg4OE9hQXI3VEZUTGxmNENxYWJVV0xlLXdpSXhPTmNiTWJYMFhTakdRQmxZRC1CcUM3VW9Qb2FCVXFXUFFOQnQxanhHWWtVX0t6SGpzTlpYT2p4QUxfdUFCWWF6dE5oS0hxQQ?oc=5,"Fri, 19 Jun 2026 19:41:44 GMT",Google News
Intel,"Apple and Intel to Build Chips in US: Trump Confirms Deal, Stock Climbs 10.5% - Tech Times",https://news.google.com/rss/articles/CBMiugFBVV95cUxPNEp5NFNsR3dqOHBVdG9DWUsyNDlETWNweVNZdHJYbWlWVFV0el8ydXhjdW1ZVW9rSHlMRWVlaWNTUVRYdEh2Vk83QXpxbWFKakU2ZEtBenJMU2FDOE5FTEFmXzVxcWZsT1drUlNyZTB1M2YwdGVteDBVOVR3b2xzcGpOcXdDRzRFbG55M0RFeW9WYXBSVENyVF9rTURRSlVHTkpObDJTN2szV2k3V0V3QWVSWU91OUdUdGc?oc=5,"Sat, 20 Jun 2026 10:58:23 GMT",Google News
Intel,Intel Corporation $INTC Shares Acquired by World Investment Advisors - MarketBeat,https://news.google.com/rss/articles/CBMixwFBVV95cUxOMWFIM2RjWDRSZ2t2NlZYVXFiVTZsc0stMXlTX0dHRk9YUkVnejc5Z0pTVDFZOXJFcjZhdkN1Nkx4MWlkRWsyMzVXZUJvZHVlV0JPM05PeFVVWnMxMzkxQVJyVFU5MC1od1dkYkR0Y2l3TVk3WldBTlpGNDkwSWFkTzB3U0xUV3U2Z0ZlVjBpOTh6eW5MODhBa0l0VkRUSEl0dElVWEV3OTVsSkpxNm9UcWRsOE4yOWM1THRRMnYzTkdla3IxWmFF?oc=5,"Sat, 20 Jun 2026 11:26:40 GMT",Google News
Intel,Mengis Capital Management Inc. Increases Stake in Intel Corporation $INTC - MarketBeat,https://news.google.com/rss/articles/CBMizAFBVV95cUxPdVhkWHhGTEcyUEg5dm5KVURoRUhnSTRYYmNqNFNDamt0UWdXd0p5aHBQYzlQaU9JUnhKSHlaTm5qNXo3dm44NGFoeFNzYlV6dDgyajMtQUVCNEgzS0cyemVMNUtoZmdsOUFaTlE4b29DS3FnSW14WnZ1Wmh4Z1JJRUY5QXFnVTVWUDNHa1FHZ09OTmJrZmFnNW1vbnFGNkk2blpMQUtHUlB0X0tCTWNBZzFOcXpoVUl6eTZDZE4yNk1FMXpVUGo0MmIxcDI?oc=5,"Sat, 20 Jun 2026 09:57:21 GMT",Google News
Intel,Apple (AAPL) Faces Device Price Hikes As It Partners With Intel On Chips - simplywall.st,https://news.google.com/rss/articles/CBMivAFBVV95cUxPMzkwOWhJQnhMem53ZThGUTEwQ2liNTNsTXFNQ292NGc5SThNN2tIeVJuOS1lcGxRblpzdjJwZDB5dzBMV25wSDk2M0tXY2JRdzVCS1kyOWpXaV9wX3RBbmZEZkRvYTI5ckZwVVpqTGJ3ekVvRXJkN1lXV1FKU2pxR0c3a2tNbG5fenFxQ2xmSnFxTVJrYWszaXljaVNXUkFIX3RBd3Zia1pfbXBVWFBGdWc1TVFTX3pNSXFhctIBwgFBVV95cUxQZUhPdnFRRmJDa25yWlVkbENaMkRTYVJJS3pETFE0Wk9yVnFLS2ZrejcwaW1iRDBLODF0bUdRRVhrNGNPQWozamJwa0JGSFpPakNGWFVMakhCOXItSGRESnNHcTA2YXVZWlJlZGQtWkRNZkZ5SU9NeXFGWHgyQjNNSHBIMHRWVUgtMkpWQkJOVnY0UEx4ejhvVHFuNW00QlVmQk1pMThhTkhENU9Hb3g0NVJyMm1PUk9RZlB5NjY2NVVHZw?oc=5,"Sat, 20 Jun 2026 01:43:22 GMT",Google News
Intel,Groupama Asset Managment Reduces Stake in Intel Corporation $INTC - MarketBeat,https://news.google.com/rss/articles/CBMiwwFBVV95cUxOd0tMZEt6N1dmdWJoazN1enA4ZGhBOTR1SWIxOHVyT0pLR3h6N19fOHItU3hnczlzOVRKYzY1ZnF4SHRjZmctWWw1UlNabGRXdVZYdWdpY1lyb2VpempBcEhxYXpaLVJJVFRRX2ktYVl3UEc2ZHpEMFN6cWZPRG00anFESDBHX0s2NXpKNzE1bzlOOUF4cGJsTERibzIwTW5SQ0RLalNKb2poUDZfYlVOWk5NNFhoSU1lUmwtWHA3bU84NzQ?oc=5,"Sat, 20 Jun 2026 09:02:54 GMT",Google News
Intel,Trump delays intel chief's confirmation in an attempt to advance voting bill - NPR,https://news.google.com/rss/articles/CBMivAFBVV95cUxOOHVzVGpvcFBRZV90Ri1fdEJ6NzZaYUdWZkRMN2hIVXdUb3pkdXEzdWNmZkstclhrUFM2NFFFZlJVVy1aLTdmNHZWLTJKY1FYUWlsNnp1d0NXbHI1RGJkS2otcEtRSHZmT2h4Mm9mS0Npa0tIeU45WFRxNWhFRUdoQTQtcVFXTHAzb29ZYTJ2eG9ZazJwaFpQSDREdHptU0hQel80OFVfN1dKemJXeGdac3AyN3dXNWZvNEhqOQ?oc=5,"Thu, 18 Jun 2026 08:45:54 GMT",Google News
Intel,California intel: Big weekend ahead as frontrunners firm up with top recruits - On3,https://news.google.com/rss/articles/CBMiygFBVV95cUxPQl9tb3dLVm0wZFJySVg4bE1IN05TbkRJVW10c3RwSGdJZWw2dTlRWTJvenVqaU1rT0lHcmRqUjNQcERwUlVmX0tySjFWNFFiU1VZVEI1dW9NZ1VfV2dUV0hWWHZ5UUFyNHZ6NzJraEFWR2ZkNFhrcnZEU0s2TFNUU2Y0SkNEOUYxRTk2Uk1PY3ZUeEJLT0ZjR0tMb2dGY0d2SUtOUC1RZGN0MF9WbzdsbDdXYTZNbV9mekVTdnBkamNvY09kS19rajl3?oc=5,"Fri, 19 Jun 2026 18:18:32 GMT",Google News
Intel,Intel stock soars on reported Apple deal as turnaround continues to pay off - Yahoo Finance,https://news.google.com/rss/articles/CBMi0AFBVV95cUxQeVA2NkV3bzIzNFhqeDNuamRMOE1DSzRFOFR0T1dTMGRqUVF6V28xR2VTeHFBeWtvRFEwWS1uRFF5MjlXYnkzZmI0MnpUaUNvOUJ1Mmw0LWRjT1ZyWmxQbUNESWt1OXF2OVF4NDNQc09ibmVKYmdRWnBvUjZzV3V2Z2R2UTVGaUJRTXE5eE5nYXVybGpDS19DZi13WTFjWjhGUFhxbnlfMmpUX2J1WU1IZzJjM0NTNkxITHN4d3gxYmRVczZLaUNjNGFJX2tzZTFs?oc=5,"Thu, 18 Jun 2026 15:01:54 GMT",Google News
Intel,House Bill 479 Secures Critical Roadway Improvements for Intel Growth Corridor - Ohio House of Representatives (.gov),https://news.google.com/rss/articles/CBMiwAFBVV95cUxNcVdMbng1b1QzWXRINFNSRWUzejBmNHp4U3EwNmJKNk9xeTVXZmQ1N2dKSGRWYnZJNzJ4bm1NblBhSXl0OXVzVzJxN21Uc3RNNG5IQzJJUGFpUEFkejBrZENxWUU0U0h0bHRxNURvU3JaNDZuUlgtRFoxWENoc1VPM3VZR3NaNmRwSmtFbWQxVFFPcTZoZlFyWkR2dW1XR1NUTDZ0SjAzMHd1RnA2TnMzekJpYURZaFRBakVqUkg1NlE?oc=5,"Wed, 17 Jun 2026 20:45:13 GMT",Google News
Intel,"Cedarwood Wealth LLC Acquires Shares of 35,424 Intel Corporation $INTC - MarketBeat",https://news.google.com/rss/articles/CBMiyAFBVV95cUxPUkJ0M0toeFRVaHpOeGFDUHE2QUdaZ3hFRlZiZ1RhTnBzUi0zZjBiNzc3aDE2NlIyWnVCZkc3MnJIVGZodFRxMnZKeExqcXdEbklWYWFqZmZNOEFFVi13OGlrNnZrUUJHaGpEZUxuczY4TE1vd21JcTFZLUdPcWdTUExWRWVYSWlLZi1UQUIweTJCejhPRXpjQnMzVnBrcXRUQWFpUnNjRjBsTkg1T2FsTkVMMTdnYk1kekVHekkwc19BdVlfUjcteQ?oc=5,"Sat, 20 Jun 2026 08:04:35 GMT",Google News
Intel,"AMD and Intel arm x86 against the AI gap with ACE, baking matrix-multiply engines & low-precision formats straight into future CPUs - Wccftech",https://news.google.com/rss/articles/CBMirgFBVV95cUxNWXl0MnRCQVViRGcyb3BEMkpRc3d0TlZRSEREcnJVMFR6aGg0d0ZYUWNsbTd4Snc5TzV0VC1tazVwU3V4THVjY0lXcFhzQmJaNkw2UHZHdUJnbEJfUnlEcVdVUU8xeG1MRXJCa1BqYXVVTFZOcldaZXBEc2EteXBqMlJMYThIY3NUd1FyQ3dmR3lGVERIRGxlTTY0LWZrOTF3N2lJSnhPYndGaHRzNUHSAbMBQVVfeXFMT1o5ZWNIdmRKZ09JMmhfYmpBdDM5QzMtZzVmZzN6UDhKSEl6am9DZHNzVFZJUnFoT3VUTXhNbDYzdG5jb1Z6NlJrQ3R1VmRwR1JRNjV3SDA0ZjVnT2hBd2dCamg4TnpRbnRqN3BmSXJiYmVSMnVDNEVjTnNlVkJFQ0tYNFA0SUJJT1JTY3JWbU1PS3g4MnkwRzRPNmJLNGlWQlc5dG1ISXZDYnRGQmpTYjYyRk0?oc=5,"Fri, 19 Jun 2026 12:05:00 GMT",Google News
Intel,"The NBA's latest (and greatest) trade, free agent and draft Intel - The Stein Line",https://news.google.com/rss/articles/CBMidkFVX3lxTE9EckZTVjZmNWVRZFgzWExZczNKckxIdWZLRWJtODVLQS1ObUlHelVzZW1YR0NIcG92cHMzeHJhdTJ6ZFZOeFlITDQzcFc1MFdjdWpBWjlrSGczTU1mZVYtZFExYVZxalJvMS1ib1k0LUFtWnZOZlE?oc=5,"Sat, 20 Jun 2026 02:18:35 GMT",Google News
Intel,"Intel's one-two punch plan in desktop CPUs is taking shape — Z990 spotted, Nova Lake detailed, ‘Raptor Lake Next’ teased - Tom's Hardware",https://news.google.com/rss/articles/CBMi8wFBVV95cUxQYTJKU2xacll6MVNUT3YzZ0pYUkwta2R6VEhVQ1h5X1N0aHluN0xHa19LT2FIRDdkeTVvSlpzVEhJOHF1LXJTUWR0TVZQcVpFYUhSV0RXTXpzYVlYSzZRM0thSEFhQU9ueXVLZkZvNWJmcnpHcGc1dWoxaUNlSjR3UTFDQzI5UjNxekZ6Q2FWeUZHVEc0SWVaSWZaS01vZG9ORlBRbFMtNWJ2ZDJoSS11TXFlVDk3UVpsbHMtVTlOV0FuM2diYUZvMzJDN29LZC1QSG1UWVpOOUNidVpwM1pwZ0NLX2xMMDcxVllrQ3N1a1g5SEk?oc=5,"Tue, 16 Jun 2026 12:00:00 GMT",Google News
Intel,"Key facts: DRAM may raise iPhone costs; WWDC AI, Trump-Intel US chips - TradingView",https://news.google.com/rss/articles/CBMixwFBVV95cUxNN2JyYTR3U1lzQVB6MXlBU2pJQzdiNFFMbjIzaUVjanhxXzNHNy1Hak04LWxnbnpnQjlvMHdfdHp4WmI0UWlDTlhWazdXc3ktdzlwbEY0QnU5T1d4Y3dhR3M0U0ZzUWJiR243RnVYR2FMTG56d0NWUHpIalBUWTB1dGM2Vy11bERBMGtiWEhFRWQ1S1F3SkdPMTI4SGh2TVFQd0NPclUxZjZjeEpPSWhhN3Jza05VLXlpcHc5azlnSmN0MWhWY2tr?oc=5,"Sat, 20 Jun 2026 07:13:07 GMT",Google News
Intel,Intel CEO Lip-Bu Tan Spills The Beans on Elon Musk’s Problem Solving & Reveals Potentially Major Chip Supply Chain Shortage - Wccftech,https://news.google.com/rss/articles/CBMi2gFBVV95cUxOOU1Xb0N2d1MwTnNFcGlvZXJDbW5Va2lmd1g4b2FGaWZMQ2laaDYwbkVQUHhXUnBWR3FuVmVXT09Sd1ZuQ3p2QW5XRndfZExOc0lCY0tDYkJfaTNlejFESnNVR1J4S01GSzhoTHF3Z3g1MXBuSmVKdmJ5Vk52TTI5RGZIaWczZlVSSEJLcFRvNFlhR1FwUDFWTmpzQmtUazd4Q1ppaXFudnFoRVdZNVp5YUozdHlRTFlOdXBlMEJZV2pnZTlDQnNJR2lKMUs2WjlFdzUwNzluREFsQdIB3wFBVV95cUxNRDVtaHRyOXFPTW5vc1RiZVVhbVVVZ1VzUl9DUk1lMDdpOEdyOTc0clo1ckVpTGhRaUVuZkRheEQyUDA4VFdTcGlvWkNLY3IzSnJ6MkhFaEpTSHk3UnVLcUFTbFd2UHBPZFJfY256dDhjNFJNN19DcFk4d3hiQjdPcktYMk1vSjFLZ2lZY0EycUF0UGlOc1V5QzF5UXlGcGNlUW5PajNKMHBTbl9qQ2l3aVI5d1JTUlRJUlVxRi15S08wMVhySmFyRVBNdnQzbUIyd0FERDU1anRRUDFiMUQw?oc=5,"Fri, 19 Jun 2026 18:59:00 GMT",Google News
Intel,Intel surge hints far beyond Apple news - thestreet.com,https://news.google.com/rss/articles/CBMijgFBVV95cUxNVGR4dmZOV0U4RTB0UkF6YkZTamFwZXFTVjR5Z014S1VzTkRxd0ZhNFhhTTBidU93cGlxNHBkYk5HVGJwVm82Sldiak5UMmpMaVIzc1N0aDdUQzdPLWRQNVc0Unp5UHBaSWFkMzlkTi1KRGRZTVdieHU0VVhDRk9hNnlCbWpPd1I4N20zUFF3?oc=5,"Fri, 19 Jun 2026 14:07:00 GMT",Google News
Intel,"Trump’s new acting intel chief Bill Pulte arrives early, eyes firing hundreds - WXII",https://news.google.com/rss/articles/CBMiowFBVV95cUxOUXN6UmV6d3k1V0J2LTAzVGtqeUZlcGtoZ3ZRU1AwVVlRZ0wyUGtjc0l4cm9rT19Qc2xIWDBldFN6MG9nWWZfaU5vWklMeC0wOHZmcUtpa3pPVWxNSEJsVGVRTURCS1hrM3EwaGp1cy03cklGazJiOWxpcXpJakcyMzAwX0xNeGc0TVVwdjY1d0Rrb3RnT3BwaWlZNXlKckRJRzRV?oc=5,"Fri, 19 Jun 2026 14:53:00 GMT",Google News
Intel,Trump's latest Intel sales pitch sends the chipmaker's stock skyward - Yahoo Finance,https://news.google.com/rss/articles/CBMinAFBVV95cUxNMmJ1NVJwSmQ5WjVRc1NWVllweDFPU01WTGhtLVotcVVmd21rNkZpazNieTQ0QTRjV2FHRWcxeGhDV01QS0o5bGxKd3lKOXRYejV6eWt1dVhoQ2djYUxjcEF3a3Rac2VaaHhYaEIyY1o2MTF3VnlUVFN4NmpMR1BfYjd0dEFNLU9FUmFRTTB3aUd4WWxZYThtenhubW0?oc=5,"Thu, 18 Jun 2026 11:14:22 GMT",Google News
Intel,"Greenstone Biosciences, Inc. and Intel Corp. Launch Strategic Collaboration to Scale Human-Centric Drug Discovery - The Daily Tribune News",https://news.google.com/rss/articles/CBMiwwJBVV95cUxNYTZhdF92N0tHT2tRb3JpSDJ0VGVlV3VQeHN4V2ZrXzNWUU1YSUZoWS1WdXhyRUxTcmxhb2tYTVVqMDVVMU5zeG1GakE1Tk1HNndPSE5yTGdjVkVTb2ZITzNWRmQwd1JhNWxKNkl1RlByY0p1SXRKYktaZkFOSmkzQXJGRnVic2ptdExrRFA3c0gwaEg5aEliMWtMUUp2d3Q3UWl0WkI1T21FZUpVSi1RNnp6enlBdnVWWWdpdnZINDVBVk44MjZscHFSRFpINjQyZnZnbXIxcjMtaHFadlNLZ1hJeXJhMHB1dVByRXRkcGcybkt3cTB3LUt5aHYxWFp2YkpES1ViSkIteVBzYXVTenRyVWdvVG1Kc0hqUm9SU3FKaUllXzVDVTE3dmtrMTl4dzdtaGNaNVFFXzZ1cmhsZXI5bw?oc=5,"Sat, 20 Jun 2026 05:39:00 GMT",Google News
Intel,U.S. Intel Warns Netanyahu Will Try to Blow Up Trump’s Iran Deal - The New Republic,https://news.google.com/rss/articles/CBMikgFBVV95cUxNMnl2WEdQNWVlVDdaOE5HSmxpRVUzWlZiazJXZWpSU0t4NHdCMkcwUjlncHQ4cFdXOEdLaUlnNFh6UzZQc1djNlFocUt4UFdUMFVCUW5Ca01CSXZEaG9ic3I3c2xhcWQ0WXI0bEFVdk5VWm9VRTVWOFpYSVJ4LXFObEtia1I0VmhqNmtaNXE3UDNBZw?oc=5,"Fri, 19 Jun 2026 18:52:02 GMT",Google News
Intel,Intel Stock Jumps On Reported Apple Chip Business - Investor's Business Daily,https://news.google.com/rss/articles/CBMihgFBVV95cUxQZUZPNTlqY09GM0pOVzJQcFNLR1B1XzFqeGw4amQ2Yk1nc1BCVVJ5TzZ6THEyN1ZqYjhxR1M1clEzTmg4UlVXUnFjbzBWWnVCMVY2ZUNnLVIzdFhaTXZEUDQwUnQwcFdTVFVieVd6MTUxdWZPWk8wTkk1YWNJNDhOeDB3aW5jdw?oc=5,"Thu, 18 Jun 2026 20:06:00 GMT",Google News
Intel,$SpaceX (SPCX.US)$$SpaceX (SPCX.US)$$NVIDIA (NVDA.US)$$Intel (INTC.US)$$Micron Technology (MU.US)$$Moderna (MRNA.US)$ - Moomoo,https://news.google.com/rss/articles/CBMipwFBVV95cUxPcldyVTl4LS1UYWpNQ3ZkSFlxMnZqNlhGV1RzVkpYNEVwN05uM0tIVjZXdy1GTERWOUw1aFJuVUs1QmJBVFJ0cHptVkMtd3YwRzlnd25sVFVLNWw5T2poR2NFRk1hdEcwSXZBZllKLUJkSDJxSUo2V1NFbWZsWlFDa0xFRmw2ZlhWMjZwUWF6TjBhUWxWUUpFeVdDdzQzYWlOcU90ai1qcw?oc=5,"Sat, 20 Jun 2026 02:55:43 GMT",Google News
Intel,Major Cavs front office intel would set the stage for a LeBron James return - Yahoo Sports,https://news.google.com/rss/articles/CBMihAFBVV95cUxNUmZNdHUtVi1LelpVS1VNdVdmMmpBa1gxYUxlamw3ZFJRRkN5Q3BzWXp4dVFEYTJua2VYU054TmVqc2o2VzhFS04tcFd2Y1BBWXNYeGVpRGVfdzZnRW90STVvcnpvaERMTEFYcWZVUFpHdmExbHVOWlRqOWpMSXFXdm1lb0g?oc=5,"Fri, 19 Jun 2026 20:33:44 GMT",Google News
Intel,Latest Walker Kessler intel points to 1 good and 1 great alternative to the Jazz - Fly War Eagle,https://news.google.com/rss/articles/CBMilAFBVV95cUxNTnpBQ2FZemcwU2QyejYxcWxhUVFSajdWUkM3em1Hcy1hZ0s5MEt2WEtWdlRaSXVLTHRMTTA3NnprUFkxdXEzTjNVR0c1dW5FdTByVTJON2syLWlrQUNiaWNjbXNOa2kzWWZxMWNsS1lObEhOYTNKYjdHOEtHVmJBQ25zcFd3VXRPa1hvRjMwTGIya2Rz?oc=5,"Fri, 19 Jun 2026 19:36:57 GMT",Google News
Intel,Intel taps industry veteran Seok-Hee Lee to lead foundry packaging push - Yahoo Finance,https://news.google.com/rss/articles/CBMimAFBVV95cUxNaFJVZWRsWmxwNGxrdUc5aU1MRnRfOVlHcE9MQ0ZaUEFtU3Nha2hIdkFsNVVqN3FvMlo1S1dXSzN5RmJ0ZHJwbzRRaHdxcHFBMjBsaUNVb3N1cllWNEdtNjIzT3FJQVlHeU8zMXhEY2FFX1V2d0tQVWlST2UtQ2xpSVlqMFF6aVptWG9EMGZ1LUtYYmstTk1jNw?oc=5,"Thu, 18 Jun 2026 22:00:52 GMT",Google News
Intel,"Trump upends careful compromise on intel chief, plunging GOP into disarray - CNN",https://news.google.com/rss/articles/CBMie0FVX3lxTE5Vc0l6cWJiWnF2SGgtUk5GRG9hd1ZleWFnQjN1RjlfamdJZEFSVjFwT3VKQmxIQVFnaTU3UTVWX3pla0ZNZDl6dFllbzNRU1ppRUd2S0ZzV2dxTUplU3pza2d4RFk5dEhKQmtyVnc3a3N4VEstLW1pMmFqQQ?oc=5,"Wed, 17 Jun 2026 08:45:28 GMT",Google News
Intel,"Apple to work with Intel on US chip design and production, Trump says - Fox Business",https://news.google.com/rss/articles/CBMilwFBVV95cUxNSWp3c2k2V19xTVF6ajN3QjlEVG1ucUZXWEJRaDBPREpwTXliWTVfaF95Qy05MXZzQ0ZubzNzVVVhckoxS1lsNE52ODA1NlVGSktudklGeHZfRldVVWlTTmlwX1JnWWdiVngwdW5IZ0p4TUJFSEc2cXJsLXpPNzl2YzQwWTZrMXJ2bVRad2FzYWRUVkxNd2VR0gGcAUFVX3lxTFBLYzRyMklYcEhKSFhsVjgzblRvYmowOEp3bkRVdk9ucFB1Z241UUR4NkZIX01XckdRbFlVcmo2YXh4WjhkX0d4clRpZVRaTkt3Vkl1SXpINVdIRUFBb3B1WUNhd01OQThHeWQ3eWdoUFhrNmZXLS1LR3dZVC1UWk92U0MxYXByUUtKQTJBT1VnLTdma0g3LV9Wa0VUQg?oc=5,"Fri, 19 Jun 2026 05:37:00 GMT",Google News
Intel,Intel Arc G-Series Processors Set a New Standard for Handheld PC Gaming - Intel Newsroom,https://news.google.com/rss/articles/CBMitgFBVV95cUxOLXR5ZWdqajc1UllHSXJDU2hSTDFxYlNJWmJvTWRrMkFtM2ZLc2pWdGFJSE9HZ1M0Ulp1Z0JhZkd4cTd4Nk5ocnk1dmpodFRIdnl2dVJsSVhXMkMtTGQzN1d5T3FCQW9SRl9mV3B4d0Y0S2F6MVhONHVkMHJacFVPQ3ZUeW1kWE84MDdZY1drU0RxWWZPbi1zeHhhSzVKajZ2YUpEOFc2SnlYbUc3SWE5T00wN2ZTdw?oc=5,"Thu, 28 May 2026 07:00:00 GMT",Google News
Intel,Intel stock surges after Trump says Apple will build chips in the U.S. - Yahoo Finance,https://news.google.com/rss/articles/CBMimwFBVV95cUxOSU5ONDFyR18zNzdvU3ZIWVlPSjZtNDhaZko1RnNaN1c3Y2U5azNmcnllVjNOZUdVLTNuUUU4MmhxX0puNkVfYV8xS3VMVlhoV290OGhIb0I0VGdzRXcxVUl1c09tZVVmZXVPNFVTYVJWVzlXYWZtM3U2SDNDY1BoRWhaSmVBejh5bndIaElvZVBzd0drZVA3aVZ2TQ?oc=5,"Thu, 18 Jun 2026 11:27:38 GMT",Google News
Intel,Acting Intel director Pulte begins tenure - FOX 17 West Michigan News,https://news.google.com/rss/articles/CBMioAFBVV95cUxPSDk0MW1scmVSNXhyejBfZm1VLXYwS29TcUdSb0cySm5iTkxXRUlic0U2cUlCUEVKVk5LaUJzSVBOOFQxVnhsT2JUcHJRYXBVaUJqTE5LX08wNTZkZ2V0U2F2Z0hjWUNLdnJhc2hEQi01WFlrRkdBQTEtZm1wakx6ajZfNWZiQjhZazVaOHBwLVY1cnBIV0xBNGc0eGxfaGtO?oc=5,"Sat, 20 Jun 2026 09:38:59 GMT",Google News
Intel,INTC Stock: Intel Surges as Trump Reveals Apple Partnership - Barron's,https://news.google.com/rss/articles/CBMihwFBVV95cUxONkRZeWtCSnZwck04eUhaWm1HYl9RN0NuYjF4ekpRYi1XSm1CNWRiaTNBVlhkLUxkcHpWSUF2a3RXeXJsdHl3TW9QUG1NNE5rSHBtVmY1ZDRRYUZtNExxWFd1b0E1ejRFa1JVUS1VRkdBc1kzZ2szblItSUVtY2RiOU1tVkZzSWc?oc=5,"Thu, 18 Jun 2026 17:56:00 GMT",Google News
Intel,Intel E835 CQDA2 At HPE Discover 2026 2 - ServeTheHome,https://news.google.com/rss/articles/CBMiygFBVV95cUxOMDNZbWo1dXRyYTN0dmZ4eG1aVlJSOEZTTGVzeFlyX2Z3d2t2TGdvTDczekZpZWItYWF3b2xfaXZmdDF0alo5ZXV1Vm5aSC1DdmthcUVWVEh4a2ppb0hlVVU0TjZERXBEYTF5bmVjbGpFRndGT0FSbTQtX1lWWWxLM1lIMXdtWGp2QnFwOWR3T3JzbXRhYUpCYzdYTEcwR3JKc3lhQVBKR2JrYlN4VU5hY3c4THV5eTdGUWt0Q0cwQzg1dmVBcjdOa3pR?oc=5,"Fri, 19 Jun 2026 18:35:30 GMT",Google News
Intel,Computex 2026: An Intelligent World Built on Silicon - Intel Newsroom,https://news.google.com/rss/articles/CBMipAFBVV95cUxPbzRtUHRXdzE0U1RPbXc5TjVSMmZhejIyVFV1cjd4LXVfVDNXeWFTR0ZkM1dkdlp1WUVORDkxSW1saE9qRFJmWUlVS1RMcklrTWNVVWpfa0hmQmh4VGp0UlhzOXY4U1JEa01HZHhGYWxKMDdfbUVJVVZSOUotMThiaXlmaVd6S0R4NnEtU0NtN05pSTR4TlFwQW01TC1pYlhDMGJZeA?oc=5,"Tue, 02 Jun 2026 07:00:00 GMT",Google News
Intel,Trump confirms that Apple will buy chips made by Intel - AppleInsider,https://news.google.com/rss/articles/CBMingFBVV95cUxNZ1lROVdNNTcxUnV5NmhVSUNRcThEVE9ta181Y0Jfa0ZmU2RMeHJzSEFUd0QtUGpPNjVtSTEwSWViQUs2WXFhV2xUaWpHNWRBRmphaWRUNk5XWlM4SWZkSlRzcS1tZTBqSndpcHdOQ0UwWkt2Yzd5X1BDZVBuLWRlc2dFZnd3UkNBMEs5azI2Vk5xRk92b1hGZTduejFndw?oc=5,"Thu, 18 Jun 2026 11:59:18 GMT",Google News
Intel,Intel Announces New AI Innovations at Computex - Intel Newsroom,https://news.google.com/rss/articles/CBMingFBVV95cUxOVHE2NTJmRDBYY3VZX3l4SHR2VGs2alJuTzVBcDV4YmZOU3N0Rk5sTWx5dWZQdE9ncmgybDl4bldxUGtEWFZGZ2tBc2ZCVzVlcG5zU1JnMGs1eDNaS2tobHE0QktjQ2Rabm5WckhNNy1sTzI5NHZrT3pDZmtSNEpBV3ptYnQ5NW1nTU9NemhMblhtRkxrSURvUktZSnVWdw?oc=5,"Tue, 02 Jun 2026 07:00:00 GMT",Google News
Intel,Acting Intel director Pulte begins tenure - NBC26,https://news.google.com/rss/articles/CBMimAFBVV95cUxOY3FwaHFpVWpKSEJnemRGQWdnanRzYzhnWFFrNEE4V3NsX2xTQUpTc0Z0N2Nqb01rQ2lpMldUTGRHWjd0RTROVUZyZEtKOEV4QXJSZ0RiRlJES0g0OHowbUtfR0hJOUNEY1ZtcDVPbUdPTnlHRVRwa2U3NUppaFo4ZzczUTFGeHRJSnVEMmxRdUxmeFZNeU5LTQ?oc=5,"Sat, 20 Jun 2026 08:23:49 GMT",Google News
Intel,Intel Jumped 10% on an Apple Deal. Here's Why the Whole Semiconductor Sector Just Hit a Record. - Money Morning,https://news.google.com/rss/articles/CBMikgFBVV95cUxPWTAxTVlaMjY5WmtZWEZ6SndSck4xa0I1eEhxSklsUHU1V3prUThfTmlWc0xnaExfSnNMVnBveFV5bnFLOHVIM2ZXcTVuQUdZWm53cjNINzlJaWlGblgwYmhvOFRaVlJCcGVKUDJsa3otWlNZWkcweFJBTklPR1dCME1Jc3RVT1VwOVJBQ2FPUDVsZw?oc=5,"Fri, 19 Jun 2026 15:46:54 GMT",Google News
Intel,Intel Stock Soared After Trump Said Apple Will Build Chips With It. Is It a Buy? - Yahoo Finance,https://news.google.com/rss/articles/CBMimgFBVV95cUxQVWVqOC1WamFOX3h4V293VzVzSWEyVmRVZFA0VUt1dy0yX1d0THRVS0d4a1F1QWxQQUNVT3hzMmdvRkdOYk41b1EtSjlTbGVEMU5zMkJiUHhFbEgzQ1FGOU01Vzh6Z3RJLTU0azl0QTVqYXcwUnBLWEVvSUh0YzdHZmNuZ1ZoSDFRcGEzc2xyOUhkOG9rSVR0Mkt3?oc=5,"Fri, 19 Jun 2026 02:36:00 GMT",Google News
Intel,Senate delays Jay Clayton’s nomination for intel director after Trump post - NBC News,https://news.google.com/rss/articles/CBMiwwFBVV95cUxNdjNfMTJmdGpZQWRIVnBMd2cycjI3dkdFOEkxRG9WM3FZdGJIekJuVUpxbnM5ZDVpak1aZzhNdWsxamxiYmlWcUNoYS0tNFNZTk1wNmc3alFFc1VQYXZVVVlLQ3RVVVM5SVMzellUbEhkTWEwLUVnb2k1c1lMX3hlME5uV2twcW15VUtuTmc0YWhMbDdkTm9EVGxEb2xobGNmMm9vMWZsYmhOUURFWWFGbldFaEJFR3MzT1BVRnkyeHd6N1U?oc=5,"Wed, 17 Jun 2026 16:23:31 GMT",Google News
Intel,"Oregon Recruiting: Official Visit Weekend No. 4 Intel on Ducks visitors, other top targets - 247Sports",https://news.google.com/rss/articles/CBMi8wFBVV95cUxPREhwZU9SV0RWVGJtNnpQYUdrVVB1YWVWVHRWSEk1MVluMjNpMWYtSjhTa2lEYXZxc2x5LXRSVlUzVVkwakZ6TzdpanNfVEk4QmxxaVc0eEdQUlo0aFNSb2xYX0VRVGwtMnRqcVVQWlVycmNvOGFyX29TWkMzVW4zWTFaYVFsZWdRV2h0ck5IbXN3QVZpQll4NWF3SjVhSG4yYkdVVGdIQ3BONVFkTmFUNERXbERLT3N0cnQ5Rk03bW1qckRqS2RIZzl1ZkZtbzJCeWJXN29nTTJhRjZnMkFQdWhMMUdvMDg2RUVZaG1nejVIb0k?oc=5,"Fri, 19 Jun 2026 20:03:34 GMT",Google News
Intel,Acting Intel director Pulte begins tenure - KTVQ,https://news.google.com/rss/articles/CBMikwFBVV95cUxQTG1PemlCa1paMm4yZWd1cEVBb3o3ZS1XcUpLbXQtSlhlb1B3SjJwc3JKSS1oZ1Q2ekhyUU9DYWh0T1FlMGViaEVVVTJBdjVWQlhtNjFBa0NBV0JNTm1CS0JURWJEM2JlQ191cG91ZUN3VVlnTjhPTlh2VHNFYnRNVmhGTEhkSWVNRWVkTXU5Ti1HSXM?oc=5,"Fri, 19 Jun 2026 18:26:00 GMT",Google News
Intel,"Sticking With This Intel Price Target as Trump, Apple Update Prove Us Right - TheStreet Pro",https://news.google.com/rss/articles/CBMisgFBVV95cUxNNHNSY2hVRUFWeUFlbmFla3Q1bnVsSTBXVDRRVDhDbnQyVUNnS0JqTG04Q3FHX01tM0lpenlxWFdJaDBSaEhycmFyWXdBdzduYzROenNSVUxpUXFQenhkaVctakZGQWhzV2s3SjVqN0JGVUV2T0JrYk1OOHFERGVfR1N2eFEyQUxvLTBIWlZkSy1fa3FROE9zeDRRMXA1UGtyMjNVS2h0S1RLLUFKaUNvOEZ3?oc=5,"Thu, 18 Jun 2026 16:15:00 GMT",Google News
Intel,"Apple to Work With Intel on US Chip Production, Trump Says - TechRepublic",https://news.google.com/rss/articles/CBMihgFBVV95cUxQTFFOaXg5ZHR3WFNSOXdFS0tQWjY3aUdhZlYyckxzVUllYUt3NUdadGV1QmVJcENEbkJMQ01uYlZIRFRVazFaZjBNRHBqXzhkYVFPMmhhekdmU2twaWR5cDZBSWl3aE5QamFQTURPakdLLU1LYVNYWGVtZ1UyU3NzUTVrc2VRUQ?oc=5,"Fri, 19 Jun 2026 19:19:53 GMT",Google News
Intel,SpaceX Stock Gains the Size of Intel Since IPO. History Has a Warning. - Barron's,https://news.google.com/rss/articles/CBMiekFVX3lxTE1ieXhidXVCTlJFYnJ5TlB3Mm91Wl9EM19oYlpBR2ZjTUVUNUdFYXpyZ3ZGSlk3UnU2UE04aDdPalZKVWVYLXY3WEQ0WHNqNFlXcFpjcC1oZ1hkY01ma3p3TWRVdW5ReEZERmJmVDBMRzYzZXJSMzJBWmJB?oc=5,"Fri, 19 Jun 2026 10:41:00 GMT",Google News
Intel,Seok-Hee Lee Named Intel Foundry EVP - ExecutiveBiz,https://news.google.com/rss/articles/CBMilwFBVV95cUxPVjVqWHBzUHZHRGx0M1ZHTktIbGZ5N1VlSFZmUXNXRGxxRXhqeDZ2VE9NaEppYWxKSEdBRXo0SzhNQXhYVVVGNFQySlRTZC05cmdock1QWW44ZlRfMndnX3V1RF94LU53WXFhdU1OeEFIWlRkSk00MnBKYjhXNzZ2d2JkLUNCdWhOWlFMRkRWdVpUalRCcXVB?oc=5,"Fri, 19 Jun 2026 13:36:21 GMT",Google News
Intel,Intel vs. Qualcomm: Which Technology Stock Is a Better Buy in 2026? - Yahoo Finance,https://news.google.com/rss/articles/CBMioAFBVV95cUxPZ09JUmJWNElQbTVzSXcxOWFzRUxlLUJBcWxlYk9YNzQxRHdTdnVwbjdkQ0FkNTEzS3JtVFk5eXVqejE3MlAwZnpUNEU4SjFaNGZZMTh3RUwybHdmaV9yaVpyMGtaQnFXeGZPU1RmYk1KMTNuS29ybUFUekFVYmtqUE93R01kTHhlM3FxTTlIX1ROSFVTR2tJY3NBYm1wb0N4?oc=5,"Thu, 18 Jun 2026 16:00:10 GMT",Google News
Intel,From Data Centers to Inference: Intel's New LatAm Chief Prepares Regional Push - BNamericas,https://news.google.com/rss/articles/CBMiuAFBVV95cUxQLTl4bWJJckphR2tfUkpmOWNwM3pwekU4c3JzMW9QNnVINTQ3RE8tN2poVDc3WXVDTGVmdmJ3bEVNTHQ3NVl4U0Zxb3hWSnV1Y29ZY0xJc0h5RV9qeDJlMFFXSUlCRzNLNDl5V3BCX1NUYVFhUzBhSWlUQ2NWemRPSmlIdTl1Uld1ZnBveHM5NHBMZk1HNmhvU2Q4dTJxd09BTE53cWJMZGVncHpSTGNJcVl2b0FIcm1S?oc=5,"Fri, 19 Jun 2026 16:34:51 GMT",Google News
Intel,Intel shares jump after Trump says Apple will work with chipmaker on US production - Yahoo! Finance Canada,https://news.google.com/rss/articles/CBMigwFBVV95cUxOclVxNkF0ZXU2cDQtSUNoNUNqV2xaMGUzZjBoY2RnSU5HODhiSl9tR3l2VmdzZXB6d0dCcTlHYkN4aHVyOE01T2lmRGhWMmhoV21fSG12czZ3MUJuQ3FNdmQydHJDQVFUX1kxWUx6SHZ4ZHJYelR2bTNKdFBnQWZsdVJhYw?oc=5,"Thu, 18 Jun 2026 14:12:00 GMT",Google News
Intel,Intel Soars After Trump Says It Will Make Chips in America - Yahoo Finance,https://news.google.com/rss/articles/CBMimAFBVV95cUxPM3dsS2R4NFA1TVRuZUtoaWFMXzgtV1p3enRTamZ3azB3Yi1Udk51QjRVQXpSQmI5V2ZKdVJCU01CVFdBSmtHWEVVYW5zZm5rVkhNVXF4X0Q4MklkRkVxSExsdzZUbGE5VVE1MERuVVpIS3MtX0k5VmczUGo1cFBEUzZsY213MVFlRTBYcmJUSk9CdTE4Y1JidQ?oc=5,"Thu, 18 Jun 2026 19:51:34 GMT",Google News
Intel,"Apple and Intel are working together to build chips in America, says President Trump - 9to5Mac",https://news.google.com/rss/articles/CBMie0FVX3lxTE0wOVBxdlhGQllaX1BKLUVBcXdEeV9PRm93THVEb3o5eENhOUJZUklpaEJWYm9QZ0swRzhuRGtVVTdVTVlyVHFlNUp2WTF2YTMxNkFXZkFZbFZZbzlKT0gxemV0SFpIUXdsNWFtWXd2MjRrSldvc0pRZk1OQQ?oc=5,"Thu, 18 Jun 2026 10:22:00 GMT",Google News
Intel,"20 years of Intel Macs: Why Apple switched, and why it switched again - Ars Technica",https://news.google.com/rss/articles/CBMirAFBVV95cUxObzF3Y1RqUm1KX04yZkplQnNmZ3RyVnJsLUZNSW5DTlpkMS1nUGpVMVhKcElaNldCQkVENVZUaUdleUZHY0JiaUs1TTFDS25QNmtHWUdIUkU3bFI5U1BJc0Vjam5IUTAxQ2Uwd21IdDB3TklJM0dhbXRsWUdUZEdicGlwWFVsWTBUWVhidGROMEU5NEtLUmFDVEJIdnhNT1ZPUjRqQTZIeGJLeUV0?oc=5,"Mon, 15 Jun 2026 16:32:14 GMT",Google News
Intel,Trump: Intel has chipmaking deal with Apple - KGW,https://news.google.com/rss/articles/CBMixAFBVV95cUxOMUR2dFNIMFJuTVkyd2h2RjBZYTVnU0FDNFFiV1plcFhpcmVrSnhHdkdfSDZqN3Jyd3hiRENQamtQUVAtME5BUUUyMjM0Z1VqTXlvc25jV1FZOWZlREVTSnF0UC01U1FHbTdyUDNTY0Y3Vkt0TEtGZFpxUmFETDE2WDYtcGtMLTE2T2ZRVm8zeTdlTHVLZVN6ZFlSSC0wYk9nYWtGQ0dWU2tSZm83NHlEUzliRlFRaGlMSXFDWlJpWXZsaFBw?oc=5,"Thu, 18 Jun 2026 17:09:00 GMT",Google News
