title,link,published,source
"How FERC’s Large-Load Interconnection Actions Help Address Grid Stress, Improve Affordability",https://blogs.nvidia.com/blog/ferc-large-load-interconnection/,"Thu, 18 Jun 2026 20:00:27 GMT",NVIDIA
"At Cannes Lions, NVIDIA Partners Reshape Advertising and Marketing With AI",https://blogs.nvidia.com/blog/nvidia-ai-marketing-advertising-cannes-lions/,"Thu, 18 Jun 2026 13:00:43 GMT",NVIDIA
Sync and Stream: GeForce NOW Connects to Members’ Game Libraries Across Devices,https://blogs.nvidia.com/blog/geforce-now-thursday-game-stores/,"Thu, 18 Jun 2026 13:00:32 GMT",NVIDIA
France Advances Europe’s AI Future With NVIDIA Technologies,https://blogs.nvidia.com/blog/france-advances-europes-ai-future/,"Thu, 18 Jun 2026 06:00:59 GMT",NVIDIA
"Hands Free, AIs Forward: NVIDIA XR AI Brings Agents to AR Glasses",https://blogs.nvidia.com/blog/nvidia-xr-ai/,"Tue, 16 Jun 2026 22:30:41 GMT",NVIDIA
"Coherent Breaks Ground on Expanded Texas Facility, Scaling AI’s Optical Backbone",https://blogs.nvidia.com/blog/coherent-texas-ai-optical/,"Tue, 16 Jun 2026 22:10:56 GMT",NVIDIA
HPE AI Factory With NVIDIA Expands for the Era of Agents,https://blogs.nvidia.com/blog/hpe-ai-factory-agentic-enterprise/,"Tue, 16 Jun 2026 16:30:27 GMT",NVIDIA
"Fastest, Largest, Strongest: NVIDIA Blackwell Sweeps MLPerf Training 6.0",https://blogs.nvidia.com/blog/blackwell-mlperf-training-6-0/,"Tue, 16 Jun 2026 15:00:36 GMT",NVIDIA
NVIDIA Blackwell Leads on First Agentic AI Infrastructure Benchmark,https://blogs.nvidia.com/blog/nvidia-blackwell-agentperf-artificial-analysis/,"Fri, 12 Jun 2026 21:00:08 GMT",NVIDIA
NVIDIA Stockholder Meeting Set for June 24; Individuals Can Participate Online,https://nvidianews.nvidia.com/news/nvidia-stockholder-meeting-set-for-june-24-individuals-can-participate-online,"Thu, 11 Jun 2026 21:32:00 GMT",NVIDIA
Save Big and Play Bigger: GeForce NOW Summer Sale Brings Major Membership Savings,https://blogs.nvidia.com/blog/geforce-now-thursday-summer-sale-2026/,"Thu, 11 Jun 2026 13:00:17 GMT",NVIDIA
"For Robotaxis, Safety Must Be Built In, Not Bolted On",https://blogs.nvidia.com/blog/halos-os-robotaxi-safety/,"Wed, 10 Jun 2026 19:00:12 GMT",NVIDIA
NVIDIA Accelerates Google DeepMind’s DiffusionGemma for Local AI,https://blogs.nvidia.com/blog/rtx-ai-garage-local-gemma-diffusion/,"Wed, 10 Jun 2026 16:15:20 GMT",NVIDIA
NVIDIA Confidential Computing to Help Expand Apple’s Private Cloud Compute,https://blogs.nvidia.com/blog/nvidia-confidential-computing-apple-private-cloud-compute/,"Tue, 09 Jun 2026 22:34:27 GMT",NVIDIA
How the UK Is Turning Sovereign AI Ambition Into Action With NVIDIA Technologies,https://blogs.nvidia.com/blog/uk-sovereign-ai-advancements/,"Mon, 08 Jun 2026 06:00:57 GMT",NVIDIA
"NVIDIA and LG Group Build an AI Factory to Advance Physical AI, Mobility and AI Infrastructure",https://blogs.nvidia.com/blog/nvidia-and-lg-group-ai-factory/,"Mon, 08 Jun 2026 03:00:50 GMT",NVIDIA
NVIDIA and Doosan Group Collaborate to Advance Physical AI and AI Factory Infrastructure,https://blogs.nvidia.com/blog/nvidia-and-doosan-group-physical-ai/,"Sun, 07 Jun 2026 23:00:36 GMT",NVIDIA
SK Telecom and NVIDIA Build AI Infrastructure to Power Korea’s AI Innovation,https://nvidianews.nvidia.com/news/sk-telecom-ai-infrastructure,"Sun, 07 Jun 2026 23:00:00 GMT",NVIDIA
NVIDIA and SK hynix Announce Multiyear Technology Partnership to Advance Memory for AI Factories,https://nvidianews.nvidia.com/news/sk-hynix-ai-factory,"Sun, 07 Jun 2026 23:00:00 GMT",NVIDIA
NAVER Expands AI Infrastructure With NVIDIA to Serve Surging Global AI Demand,https://nvidianews.nvidia.com/news/naver-ai-infrastructure,"Sun, 07 Jun 2026 23:00:00 GMT",NVIDIA
