title,link,source
In the News,https://investor.nvidia.com/in-the-news,NVIDIA Investor Relations
NVIDIA and SK hynix Announce Multiyear Technology Partnership to Advance Memory for AI Factories,https://investor.nvidia.com/news/sk-hynix-ai-factory,NVIDIA Investor Relations
Read More,https://investor.nvidia.com/news/sk-hynix-ai-factory,NVIDIA Investor Relations
NAVER Expands AI Infrastructure With NVIDIA to Serve Surging Global AI Demand,https://investor.nvidia.com/news/naver-ai-infrastructure,NVIDIA Investor Relations
SK Telecom and NVIDIA Build AI Infrastructure to Power Korea’s AI Innovation,https://investor.nvidia.com/news/sk-telecom-ai-infrastructure,NVIDIA Investor Relations
NVIDIA Stockholder Meeting Set for June 24; Individuals Can Participate Online,https://investor.nvidia.com/news/nvidia-stockholder-meeting-set-for-june-24-individuals-can-participate-online,NVIDIA Investor Relations
Read Press Release,https://investor.nvidia.com/news/nvidia-stockholder-meeting-set-for-june-24-individuals-can-participate-online,NVIDIA Investor Relations
All News,https://investor.nvidia.com/news,NVIDIA Investor Relations
All Coverage,https://investor.nvidia.com/in-the-news,NVIDIA Investor Relations
Newsroom,https://nvidianews.nvidia.com/,NVIDIA Investor Relations
